ts_iso,tMono_s,kind,accLong_ms2,accLat_ms2,accVert_ms2,lat,lng,speed_ms,gpsAcc_m
2026-05-01T19:09:54.557Z,9535.154225,gps,,,,-15.745963,-47.850021,,3.220527
2026-05-01T19:09:54.556Z,9535.152643,imu,-0.922695,-0.724539,0.060005,,,,
2026-05-01T19:09:54.563Z,9535.160048,imu,-0.889213,-0.715077,0.036966,,,,
2026-05-01T19:09:54.570Z,9535.166463,gps,,,,-15.745963,-47.850021,,13.895014
2026-05-01T19:09:54.573Z,9535.169970,imu,-1.002166,-0.763800,0.104748,,,,
2026-05-01T19:09:54.575Z,9535.172276,gps,,,,-15.745954,-47.850003,,12.705786
2026-05-01T19:09:54.583Z,9535.179765,imu,-1.154352,-0.802262,0.195206,,,,
2026-05-01T19:09:54.591Z,9535.187533,gps,,,,-15.745954,-47.850003,,12.705273
2026-05-01T19:09:54.593Z,9535.189724,imu,-1.229107,-0.797335,0.303552,,,,
2026-05-01T19:09:54.603Z,9535.199568,imu,-1.233735,-0.785017,0.431752,,,,
2026-05-01T19:09:54.613Z,9535.209462,imu,-1.256471,-0.763537,0.504742,,,,
2026-05-01T19:09:54.623Z,9535.220073,imu,-1.288976,-0.707682,0.554333,,,,
2026-05-01T19:09:54.633Z,9535.229465,imu,-1.341095,-0.719684,0.522014,,,,
2026-05-01T19:09:54.643Z,9535.239399,imu,-1.366335,-0.762812,0.394981,,,,
2026-05-01T19:09:54.653Z,9535.249411,imu,-1.359407,-0.810665,0.298932,,,,
2026-05-01T19:09:54.663Z,9535.259472,imu,-1.277346,-0.898687,0.132768,,,,
2026-05-01T19:09:54.673Z,9535.269753,imu,-1.218562,-0.938827,-0.096664,,,,
2026-05-01T19:09:54.682Z,9535.279195,imu,-1.179273,-0.993337,-0.240786,,,,
2026-05-01T19:09:54.692Z,9535.289184,imu,-1.110796,-1.018410,-0.337757,,,,
2026-05-01T19:09:54.702Z,9535.299157,imu,-1.043341,-1.003517,-0.363718,,,,
2026-05-01T19:09:54.712Z,9535.309175,imu,-0.945960,-0.946169,-0.378128,,,,
2026-05-01T19:09:54.722Z,9535.319142,imu,-0.811316,-0.943131,-0.377872,,,,
2026-05-01T19:09:54.732Z,9535.328993,imu,-0.701824,-0.920182,-0.332079,,,,
2026-05-01T19:09:54.742Z,9535.338899,imu,-0.642951,-0.882744,-0.278898,,,,
2026-05-01T19:09:54.752Z,9535.348925,imu,-0.627246,-0.871645,-0.279461,,,,
2026-05-01T19:09:54.762Z,9535.358893,imu,-0.669764,-0.861193,-0.318525,,,,
2026-05-01T19:09:54.772Z,9535.368892,imu,-0.745498,-0.849209,-0.309100,,,,
2026-05-01T19:09:54.782Z,9535.378698,imu,-0.803913,-0.864084,-0.226388,,,,
2026-05-01T19:09:54.792Z,9535.388635,imu,-0.775286,-0.828499,-0.174015,,,,
2026-05-01T19:09:54.802Z,9535.398595,imu,-0.680772,-0.776196,-0.142108,,,,
2026-05-01T19:09:54.812Z,9535.408450,imu,-0.538116,-0.696907,-0.087050,,,,
2026-05-01T19:09:54.822Z,9535.418560,imu,-0.471835,-0.553161,-0.099037,,,,
2026-05-01T19:09:54.832Z,9535.428571,imu,-0.459816,-0.403588,-0.185666,,,,
2026-05-01T19:09:54.842Z,9535.438406,imu,-0.471246,-0.359421,-0.375361,,,,
2026-05-01T19:09:54.852Z,9535.448413,imu,-0.543476,-0.376387,-0.711484,,,,
2026-05-01T19:09:54.862Z,9535.458429,imu,-0.607506,-0.386199,-1.094780,,,,
2026-05-01T19:09:54.872Z,9535.469163,imu,-0.635404,-0.399905,-1.360901,,,,
2026-05-01T19:09:54.881Z,9535.478197,imu,-0.606562,-0.377768,-1.555724,,,,
2026-05-01T19:09:54.892Z,9535.488348,imu,-0.539910,-0.286737,-1.606076,,,,
2026-05-01T19:09:54.901Z,9535.498056,imu,-0.460722,-0.148115,-1.546843,,,,
2026-05-01T19:09:54.911Z,9535.508047,imu,-0.403924,-0.008760,-1.401180,,,,
2026-05-01T19:09:54.921Z,9535.518249,imu,-0.349052,0.043707,-1.116425,,,,
2026-05-01T19:09:54.931Z,9535.528022,imu,-0.246783,0.076741,-0.763197,,,,
2026-05-01T19:09:54.941Z,9535.537909,imu,-0.116316,0.155002,-0.363465,,,,
2026-05-01T19:09:54.951Z,9535.548045,imu,0.039847,0.264201,0.071631,,,,
2026-05-01T19:09:54.961Z,9535.557786,imu,0.163420,0.341584,0.511145,,,,
2026-05-01T19:09:54.971Z,9535.567776,imu,0.260464,0.385410,0.928797,,,,
2026-05-01T19:09:54.981Z,9535.577924,imu,0.300193,0.367196,1.249963,,,,
2026-05-01T19:09:54.991Z,9535.587735,imu,0.254308,0.252219,1.483178,,,,
2026-05-01T19:09:55.001Z,9535.597552,imu,0.227451,0.190602,1.609188,,,,
2026-05-01T19:09:55.011Z,9535.607665,imu,0.156190,0.154335,1.499594,,,,
2026-05-01T19:09:55.021Z,9535.617489,imu,0.025438,0.116697,1.217502,,,,
2026-05-01T19:09:55.033Z,9535.629566,imu,-0.132706,0.061121,0.865300,,,,
2026-05-01T19:09:55.041Z,9535.637559,imu,-0.223693,0.020301,0.541012,,,,
2026-05-01T19:09:55.051Z,9535.647383,imu,-0.301225,0.042745,0.284282,,,,
2026-05-01T19:09:55.060Z,9535.657274,imu,-0.315188,0.100160,0.173940,,,,
2026-05-01T19:09:55.071Z,9535.667438,imu,-0.298433,0.121610,0.302826,,,,
2026-05-01T19:09:55.080Z,9535.677226,imu,-0.262211,0.117827,0.534711,,,,
2026-05-01T19:09:55.090Z,9535.687081,imu,-0.092956,0.157557,0.830190,,,,
2026-05-01T19:09:55.100Z,9535.697244,imu,0.182585,0.227657,1.109216,,,,
2026-05-01T19:09:55.110Z,9535.707002,imu,0.386484,0.296870,1.203024,,,,
2026-05-01T19:09:55.120Z,9535.716927,imu,0.397944,0.296310,1.220862,,,,
2026-05-01T19:09:55.130Z,9535.727112,imu,0.248031,0.240701,1.149476,,,,
2026-05-01T19:09:55.140Z,9535.736852,imu,0.012433,0.195023,1.088705,,,,
2026-05-01T19:09:55.150Z,9535.746809,imu,-0.142742,0.178481,1.129553,,,,
2026-05-01T19:09:55.160Z,9535.756917,imu,-0.256395,0.142489,1.154826,,,,
2026-05-01T19:09:55.170Z,9535.766709,imu,-0.301075,0.034726,1.271676,,,,
2026-05-01T19:09:55.180Z,9535.776682,imu,-0.264734,-0.054691,1.377539,,,,
2026-05-01T19:09:55.190Z,9535.786717,imu,-0.214313,-0.165505,1.422905,,,,
2026-05-01T19:09:55.200Z,9535.796545,imu,-0.203656,-0.279411,1.456530,,,,
2026-05-01T19:09:55.210Z,9535.806446,imu,-0.210974,-0.391908,1.444299,,,,
2026-05-01T19:09:55.220Z,9535.816668,imu,-0.154267,-0.421787,1.497650,,,,
2026-05-01T19:09:55.230Z,9535.826337,imu,-0.108685,-0.375185,1.572097,,,,
2026-05-01T19:09:55.240Z,9535.836445,imu,-0.025670,-0.348702,1.551909,,,,
2026-05-01T19:09:55.250Z,9535.846416,imu,0.050368,-0.337164,1.429679,,,,
2026-05-01T19:09:55.259Z,9535.856257,imu,0.050668,-0.319133,1.246307,,,,
2026-05-01T19:09:55.269Z,9535.866089,imu,0.004454,-0.385615,1.004934,,,,
2026-05-01T19:09:55.279Z,9535.876268,imu,-0.008315,-0.470986,0.845428,,,,
2026-05-01T19:09:55.290Z,9535.886576,imu,-0.088632,-0.587570,0.750240,,,,
2026-05-01T19:09:55.299Z,9535.895911,imu,-0.107265,-0.680804,0.676682,,,,
2026-05-01T19:09:55.309Z,9535.906081,imu,-0.051073,-0.695475,0.561243,,,,
2026-05-01T19:09:55.319Z,9535.915922,imu,-0.070415,-0.681607,0.321738,,,,
2026-05-01T19:09:55.329Z,9535.926036,imu,-0.136357,-0.705810,0.088177,,,,
2026-05-01T19:09:55.340Z,9535.936436,imu,-0.262133,-0.772328,-0.097043,,,,
2026-05-01T19:09:55.349Z,9535.945620,imu,-0.344897,-0.819802,-0.258102,,,,
2026-05-01T19:09:55.359Z,9535.955698,imu,-0.387277,-0.869634,-0.410824,,,,
2026-05-01T19:09:55.369Z,9535.965898,imu,-0.414158,-0.913239,-0.539408,,,,
2026-05-01T19:09:55.379Z,9535.975600,imu,-0.450600,-0.995584,-0.693832,,,,
2026-05-01T19:09:55.389Z,9535.985812,imu,-0.428040,-1.069427,-0.914427,,,,
2026-05-01T19:09:55.399Z,9535.995669,imu,-0.395483,-1.171627,-1.044739,,,,
2026-05-01T19:09:55.409Z,9536.005731,imu,-0.345315,-1.232762,-1.165222,,,,
2026-05-01T19:09:55.419Z,9536.015395,imu,-0.301076,-1.268840,-1.256745,,,,
2026-05-01T19:09:55.429Z,9536.025944,imu,-0.250124,-1.267762,-1.215518,,,,
2026-05-01T19:09:55.439Z,9536.035349,imu,-0.149217,-1.136134,-1.115123,,,,
2026-05-01T19:09:55.449Z,9536.045601,imu,-0.086563,-0.938555,-1.079226,,,,
2026-05-01T19:09:55.459Z,9536.055438,imu,-0.107655,-0.751570,-1.159508,,,,
2026-05-01T19:09:55.469Z,9536.065508,imu,-0.116850,-0.675023,-1.316087,,,,
2026-05-01T19:09:55.478Z,9536.075191,imu,-0.184085,-0.618895,-1.555943,,,,
2026-05-01T19:09:55.489Z,9536.085468,imu,-0.353722,-0.523052,-1.746582,,,,
2026-05-01T19:09:55.498Z,9536.094993,imu,-0.559431,-0.342693,-1.855724,,,,
2026-05-01T19:09:55.509Z,9536.105363,imu,-0.730881,-0.130591,-1.986061,,,,
2026-05-01T19:09:55.518Z,9536.114885,imu,-0.694592,-0.081982,-2.093601,,,,
2026-05-01T19:09:55.528Z,9536.125240,imu,-0.623728,-0.196930,-2.090247,,,,
2026-05-01T19:09:55.538Z,9536.134860,imu,-0.603822,-0.329006,-2.132156,,,,
2026-05-01T19:09:55.548Z,9536.145059,imu,-0.541356,-0.379151,-1.671017,,,,
2026-05-01T19:09:55.558Z,9536.154673,imu,-0.248789,-0.215323,-1.069809,,,,
2026-05-01T19:09:55.568Z,9536.164983,imu,0.048784,-0.021816,-0.382702,,,,
2026-05-01T19:09:55.578Z,9536.174520,imu,0.219989,0.233935,-0.141777,,,,
2026-05-01T19:09:55.588Z,9536.184928,imu,0.134951,0.431088,0.236971,,,,
2026-05-01T19:09:55.598Z,9536.194477,imu,-0.111411,0.466469,0.498529,,,,
2026-05-01T19:09:55.608Z,9536.204743,imu,-0.466090,0.492105,0.626238,,,,
2026-05-01T19:09:55.618Z,9536.214303,imu,-0.803952,0.615604,0.648897,,,,
2026-05-01T19:09:55.628Z,9536.224749,imu,-1.146483,0.774700,0.413179,,,,
2026-05-01T19:09:55.637Z,9536.234264,imu,-1.454568,0.868333,0.163071,,,,
2026-05-01T19:09:55.647Z,9536.244219,imu,-1.506275,1.002802,0.084617,,,,
2026-05-01T19:09:55.657Z,9536.254144,imu,-1.223517,1.103347,0.116920,,,,
2026-05-01T19:09:55.667Z,9536.264108,imu,-1.059626,1.047314,0.088067,,,,
2026-05-01T19:09:55.677Z,9536.274037,imu,-0.905836,0.928693,0.257912,,,,
2026-05-01T19:09:55.687Z,9536.283998,imu,-0.867964,0.878280,0.720954,,,,
2026-05-01T19:09:55.697Z,9536.293977,imu,-0.569295,0.877132,1.121770,,,,
2026-05-01T19:09:55.707Z,9536.303924,imu,-0.123274,0.959960,1.501004,,,,
2026-05-01T19:09:55.717Z,9536.313852,imu,-0.062209,1.123804,1.798537,,,,
2026-05-01T19:09:55.727Z,9536.323850,imu,-0.137225,1.339240,1.874362,,,,
2026-05-01T19:09:55.737Z,9536.333743,imu,-0.233110,1.347680,1.997035,,,,
2026-05-01T19:09:55.747Z,9536.343740,imu,-0.333363,1.220810,2.125280,,,,
2026-05-01T19:09:55.757Z,9536.353673,imu,-0.292038,1.062962,2.211184,,,,
2026-05-01T19:09:55.767Z,9536.363698,imu,-0.184608,0.901999,2.116214,,,,
2026-05-01T19:09:55.777Z,9536.373385,imu,-0.336592,0.841275,1.781917,,,,
2026-05-01T19:09:55.787Z,9536.383571,imu,-0.363197,0.730140,1.773072,,,,
2026-05-01T19:09:55.797Z,9536.393349,imu,-0.401254,0.762888,1.590594,,,,
2026-05-01T19:09:55.807Z,9536.403312,imu,-0.275919,0.851605,1.785887,,,,
2026-05-01T19:09:55.818Z,9536.414286,imu,0.154936,0.336447,2.613712,,,,
2026-05-01T19:09:55.826Z,9536.423240,imu,0.559722,-0.481813,2.516606,,,,
2026-05-01T19:09:55.836Z,9536.433156,imu,0.131000,-0.678066,1.964080,,,,
2026-05-01T19:09:55.846Z,9536.443164,imu,-0.404784,-0.351160,1.898743,,,,
2026-05-01T19:09:55.856Z,9536.453082,imu,-0.749930,-0.152963,2.245917,,,,
2026-05-01T19:09:55.866Z,9536.463040,imu,-1.045111,-0.120303,2.154260,,,,
2026-05-01T19:09:55.876Z,9536.473005,imu,-1.477046,-0.362005,1.679631,,,,
2026-05-01T19:09:55.886Z,9536.482996,imu,-1.620307,-0.706745,1.460320,,,,
2026-05-01T19:09:55.896Z,9536.493148,imu,-1.447444,-0.945838,1.237546,,,,
2026-05-01T19:09:55.906Z,9536.503241,imu,-1.469124,-1.058514,1.361083,,,,
2026-05-01T19:09:55.916Z,9536.512862,imu,-1.214872,-0.777007,1.188509,,,,
2026-05-01T19:09:55.926Z,9536.522784,imu,-0.933677,-0.681162,1.399360,,,,
2026-05-01T19:09:55.936Z,9536.532713,imu,-0.668006,-0.886337,2.940458,,,,
2026-05-01T19:09:55.946Z,9536.542821,imu,1.118819,-0.760931,2.211802,,,,
2026-05-01T19:09:55.956Z,9536.552599,imu,1.748076,-0.813991,-1.214863,,,,
2026-05-01T19:09:55.966Z,9536.562453,imu,1.746208,-0.259975,-2.231545,,,,
2026-05-01T19:09:55.976Z,9536.572355,imu,2.192661,0.004313,-1.984853,,,,
2026-05-01T19:09:55.986Z,9536.582511,imu,1.544618,-0.164268,-1.578977,,,,
2026-05-01T19:09:55.995Z,9536.592219,imu,1.061453,-0.161467,-1.822315,,,,
2026-05-01T19:09:56.006Z,9536.602360,imu,1.044841,-0.372436,-2.021791,,,,
2026-05-01T19:09:56.016Z,9536.612489,imu,1.183332,0.265678,-2.155725,,,,
2026-05-01T19:09:56.025Z,9536.622227,imu,0.884436,1.801955,-1.798278,,,,
2026-05-01T19:09:56.036Z,9536.632693,imu,-0.099934,1.382859,-0.830057,,,,
2026-05-01T19:09:56.045Z,9536.642129,imu,-1.360330,-0.295238,-0.197034,,,,
2026-05-01T19:09:56.055Z,9536.652117,imu,-2.625605,-1.585137,-0.354640,,,,
2026-05-01T19:09:56.065Z,9536.662046,imu,-5.243838,-1.813482,0.955466,,,,
2026-05-01T19:09:56.075Z,9536.671805,imu,-8.249654,-1.868318,1.949368,,,,
2026-05-01T19:09:56.085Z,9536.681927,imu,-9.999777,-2.132357,1.936413,,,,
2026-05-01T19:09:56.095Z,9536.691890,imu,-10.610856,-2.426514,0.052742,,,,
2026-05-01T19:09:56.105Z,9536.702008,imu,-10.569546,-2.432984,-2.078270,,,,
2026-05-01T19:09:56.115Z,9536.711796,imu,-10.421770,-1.888921,-3.059950,,,,
2026-05-01T19:09:56.125Z,9536.721759,imu,-9.791307,-1.138735,-3.392775,,,,
2026-05-01T19:09:56.135Z,9536.731667,imu,-8.541472,-0.620632,-2.496042,,,,
2026-05-01T19:09:56.145Z,9536.741612,imu,-6.965484,0.010919,-0.788190,,,,
2026-05-01T19:09:56.155Z,9536.751610,imu,-5.292596,0.984226,1.111532,,,,
2026-05-01T19:09:56.165Z,9536.761544,imu,-3.560163,1.453674,2.793427,,,,
2026-05-01T19:09:56.175Z,9536.771441,imu,-1.856966,1.417651,2.899645,,,,
2026-05-01T19:09:56.185Z,9536.781426,imu,-0.440138,1.680199,1.651300,,,,
2026-05-01T19:09:56.195Z,9536.791377,imu,0.716637,2.180190,0.095534,,,,
2026-05-01T19:09:56.205Z,9536.801319,imu,1.490933,2.504157,-1.355468,,,,
2026-05-01T19:09:56.215Z,9536.811360,imu,1.919335,2.556836,-2.375765,,,,
2026-05-01T19:09:56.224Z,9536.821201,imu,1.901579,2.434670,-2.963242,,,,
2026-05-01T19:09:56.234Z,9536.831122,imu,1.560916,2.308769,-2.884735,,,,
2026-05-01T19:09:56.244Z,9536.841100,imu,1.419048,2.368620,-2.548013,,,,
2026-05-01T19:09:56.254Z,9536.851060,imu,1.557807,2.559611,-2.361689,,,,
2026-05-01T19:09:56.264Z,9536.861121,imu,1.772171,2.709901,-1.920167,,,,
2026-05-01T19:09:56.274Z,9536.870904,imu,2.000490,2.610529,-1.341551,,,,
2026-05-01T19:09:56.284Z,9536.880905,imu,2.261605,2.382291,-0.718101,,,,
2026-05-01T19:09:56.294Z,9536.890826,imu,2.379855,2.357153,-0.120835,,,,
2026-05-01T19:09:56.304Z,9536.900827,imu,2.322404,2.379632,0.641165,,,,
2026-05-01T19:09:56.314Z,9536.910807,imu,2.288134,2.301198,1.526948,,,,
2026-05-01T19:09:56.324Z,9536.920718,imu,2.509233,2.022455,1.931152,,,,
2026-05-01T19:09:56.334Z,9536.930767,imu,3.082863,1.843221,1.574987,,,,
2026-05-01T19:09:56.344Z,9536.940581,imu,3.967456,1.977958,0.797530,,,,
2026-05-01T19:09:56.354Z,9536.950514,imu,4.975696,1.996126,-0.031882,,,,
2026-05-01T19:09:56.364Z,9536.960747,imu,5.814263,1.998208,-0.521412,,,,
2026-05-01T19:09:56.374Z,9536.970346,imu,6.197089,1.933998,-0.641940,,,,
2026-05-01T19:09:56.384Z,9536.980392,imu,6.110339,1.677588,-0.498871,,,,
2026-05-01T19:09:56.394Z,9536.990470,imu,5.739183,1.387805,-0.257547,,,,
2026-05-01T19:09:56.404Z,9537.000300,imu,5.308301,1.039878,-0.100812,,,,
2026-05-01T19:09:56.414Z,9537.010356,imu,4.729201,0.805912,-0.072264,,,,
2026-05-01T19:09:56.424Z,9537.020337,imu,4.093580,0.612465,0.008329,,,,
2026-05-01T19:09:56.433Z,9537.030077,imu,3.632351,0.397562,0.092024,,,,
2026-05-01T19:09:56.443Z,9537.040067,imu,3.319925,0.357212,0.216614,,,,
2026-05-01T19:09:56.453Z,9537.050157,imu,3.127785,0.383132,0.475127,,,,
2026-05-01T19:09:56.463Z,9537.060140,imu,3.008995,0.342778,0.851847,,,,
2026-05-01T19:09:56.473Z,9537.069777,imu,2.871391,0.334541,1.323733,,,,
2026-05-01T19:09:56.483Z,9537.079998,imu,2.699287,0.288495,1.710197,,,,
2026-05-01T19:09:56.493Z,9537.089667,imu,2.478945,0.237925,1.968069,,,,
2026-05-01T19:09:56.503Z,9537.099666,imu,2.190572,-0.000822,1.902822,,,,
2026-05-01T19:09:56.513Z,9537.109817,imu,1.910235,-0.184022,1.156782,,,,
2026-05-01T19:09:56.523Z,9537.119880,imu,1.543722,-0.230716,0.071717,,,,
2026-05-01T19:09:56.533Z,9537.129431,imu,1.129950,-0.445664,-1.059698,,,,
2026-05-01T19:09:56.543Z,9537.139667,imu,0.677560,-0.662662,-1.863805,,,,
2026-05-01T19:09:56.553Z,9537.149435,imu,0.294440,-0.780585,-1.974153,,,,
2026-05-01T19:09:56.563Z,9537.159490,imu,0.034001,-0.855437,-1.712309,,,,
2026-05-01T19:09:56.573Z,9537.169371,imu,0.019098,-0.797333,-1.380940,,,,
2026-05-01T19:09:56.583Z,9537.179317,imu,0.183645,-0.675423,-1.109198,,,,
2026-05-01T19:09:56.592Z,9537.189256,imu,0.254439,-0.569638,-0.989123,,,,
2026-05-01T19:09:56.603Z,9537.199409,imu,0.220710,-0.495957,-0.981025,,,,
2026-05-01T19:09:56.613Z,9537.209601,imu,0.115504,-0.501536,-1.172508,,,,
2026-05-01T19:09:56.623Z,9537.219502,imu,0.018426,-0.620532,-1.522074,,,,
2026-05-01T19:09:56.633Z,9537.229337,imu,-0.008966,-0.699229,-1.854638,,,,
2026-05-01T19:09:56.642Z,9537.239212,imu,0.002955,-0.646440,-2.025907,,,,
2026-05-01T19:09:56.652Z,9537.249068,imu,-0.056015,-0.675091,-1.848577,,,,
2026-05-01T19:09:56.663Z,9537.259316,imu,-0.210926,-0.838419,-1.558747,,,,
2026-05-01T19:09:56.672Z,9537.269049,imu,-0.473365,-0.916094,-1.419672,,,,
2026-05-01T19:09:56.682Z,9537.278920,imu,-0.730661,-1.014389,-1.459275,,,,
2026-05-01T19:09:56.693Z,9537.289395,imu,-0.867956,-1.127887,-1.836090,,,,
2026-05-01T19:09:56.702Z,9537.299024,imu,-0.996710,-1.080235,-2.373036,,,,
2026-05-01T19:09:56.712Z,9537.308723,imu,-1.144115,-0.978881,-2.744698,,,,
2026-05-01T19:09:56.723Z,9537.319724,imu,-1.188860,-0.918542,-2.817647,,,,
2026-05-01T19:09:56.732Z,9537.328753,imu,-1.145880,-0.756391,-2.560629,,,,
2026-05-01T19:09:56.742Z,9537.338627,imu,-1.034523,-0.489101,-1.943707,,,,
2026-05-01T19:09:56.752Z,9537.348601,imu,-0.944687,-0.185808,-1.153778,,,,
2026-05-01T19:09:56.762Z,9537.358377,imu,-0.742810,0.207029,-0.511956,,,,
2026-05-01T19:09:56.772Z,9537.368379,imu,-0.522360,0.540841,-0.019720,,,,
2026-05-01T19:09:56.782Z,9537.378567,imu,-0.334138,0.674293,0.359417,,,,
2026-05-01T19:09:56.791Z,9537.388183,imu,-0.148597,0.781911,0.563784,,,,
2026-05-01T19:09:56.802Z,9537.398455,imu,0.178677,0.975754,0.465212,,,,
2026-05-01T19:09:56.811Z,9537.408082,imu,0.568809,1.111004,0.205703,,,,
2026-05-01T19:09:56.822Z,9537.418525,imu,0.844874,1.064148,0.140221,,,,
2026-05-01T19:09:56.832Z,9537.428416,imu,1.088782,0.879000,0.266703,,,,
2026-05-01T19:09:56.841Z,9537.437905,imu,1.253343,0.707094,0.577361,,,,
2026-05-01T19:09:56.851Z,9537.447960,imu,1.328810,0.638441,0.867739,,,,
2026-05-01T19:09:56.861Z,9537.457843,imu,1.316074,0.528027,1.159092,,,,
2026-05-01T19:09:56.873Z,9537.469294,imu,1.211902,0.414838,1.367177,,,,
2026-05-01T19:09:56.881Z,9537.477773,imu,1.156787,0.393184,1.718070,,,,
2026-05-01T19:09:56.891Z,9537.487670,imu,1.264030,0.334079,2.216949,,,,
2026-05-01T19:09:56.901Z,9537.497640,imu,1.472369,0.273731,2.717194,,,,
2026-05-01T19:09:56.911Z,9537.507567,imu,1.706368,0.190767,3.129687,,,,
2026-05-01T19:09:56.921Z,9537.517553,imu,1.934494,0.034024,3.305498,,,,
2026-05-01T19:09:56.931Z,9537.527537,imu,2.060782,-0.121306,3.356838,,,,
2026-05-01T19:09:56.941Z,9537.537435,imu,2.071886,-0.261923,3.365685,,,,
2026-05-01T19:09:56.951Z,9537.547363,imu,2.048275,-0.403121,3.321231,,,,
2026-05-01T19:09:56.961Z,9537.557334,imu,2.027947,-0.501544,3.225869,,,,
2026-05-01T19:09:56.971Z,9537.567283,imu,1.968031,-0.598896,3.145367,,,,
2026-05-01T19:09:56.981Z,9537.577296,imu,1.906547,-0.652821,3.101924,,,,
2026-05-01T19:09:56.990Z,9537.587057,imu,2.062068,-0.598278,2.910145,,,,
2026-05-01T19:09:57.000Z,9537.597105,imu,2.300411,-0.577773,2.477929,,,,
2026-05-01T19:09:57.010Z,9537.607057,imu,2.569639,-0.653256,1.720531,,,,
2026-05-01T19:09:57.020Z,9537.617035,imu,2.801147,-0.688302,0.757099,,,,
2026-05-01T19:09:57.031Z,9537.627757,imu,3.003265,-0.609007,-0.132080,,,,
2026-05-01T19:09:57.040Z,9537.636889,imu,3.059149,-0.530389,-0.727530,,,,
2026-05-01T19:09:57.050Z,9537.647016,imu,2.895002,-0.436344,-0.816676,,,,
2026-05-01T19:09:57.060Z,9537.656693,imu,2.640809,-0.317822,-0.392127,,,,
2026-05-01T19:09:57.070Z,9537.666738,imu,2.490598,-0.247597,0.222805,,,,
2026-05-01T19:09:57.080Z,9537.676879,imu,2.313364,-0.223543,0.603079,,,,
2026-05-01T19:09:57.090Z,9537.686648,imu,2.068158,-0.156160,0.544507,,,,
2026-05-01T19:09:57.100Z,9537.696676,imu,1.887247,-0.080713,0.255343,,,,
2026-05-01T19:09:57.110Z,9537.706545,imu,1.818609,-0.101446,-0.164856,,,,
2026-05-01T19:09:57.120Z,9537.716504,imu,1.755163,-0.248443,-0.593486,,,,
2026-05-01T19:09:57.130Z,9537.726475,imu,1.722489,-0.317727,-1.028355,,,,
2026-05-01T19:09:57.140Z,9537.736614,imu,1.778989,-0.109285,-1.393674,,,,
2026-05-01T19:09:57.149Z,9537.746233,imu,1.839319,0.202999,-1.502877,,,,
2026-05-01T19:09:57.160Z,9537.756303,imu,1.811546,0.457151,-1.547557,,,,
2026-05-01T19:09:57.169Z,9537.766128,imu,1.683444,0.598594,-1.618239,,,,
2026-05-01T19:09:57.179Z,9537.776186,imu,1.462584,0.683346,-1.559606,,,,
2026-05-01T19:09:57.190Z,9537.786605,imu,1.242694,0.724282,-1.608383,,,,
2026-05-01T19:09:57.199Z,9537.796161,imu,1.034237,0.689541,-1.932119,,,,
2026-05-01T19:09:57.209Z,9537.805888,imu,0.704253,0.588372,-2.440396,,,,
2026-05-01T19:09:57.219Z,9537.816016,imu,0.342218,0.349821,-2.972097,,,,
2026-05-01T19:09:57.229Z,9537.825897,imu,-0.091848,0.138725,-3.324445,,,,
2026-05-01T19:09:57.239Z,9537.835939,imu,-0.522314,0.191384,-3.481356,,,,
2026-05-01T19:09:57.249Z,9537.845774,imu,-0.732046,0.348123,-3.470121,,,,
2026-05-01T19:09:57.259Z,9537.855791,imu,-0.679720,0.350581,-3.332069,,,,
2026-05-01T19:09:57.269Z,9537.865875,imu,-0.416384,0.331317,-2.954112,,,,
2026-05-01T19:09:57.279Z,9537.876058,imu,0.107921,0.542943,-2.536100,,,,
2026-05-01T19:09:57.289Z,9537.885935,imu,0.659878,0.834416,-1.972234,,,,
2026-05-01T19:09:57.299Z,9537.895714,imu,1.012396,0.976956,-1.433866,,,,
2026-05-01T19:09:57.309Z,9537.905840,imu,1.161686,0.992355,-1.099833,,,,
2026-05-01T19:09:57.319Z,9537.915419,imu,1.240381,1.047722,-0.974741,,,,
2026-05-01T19:09:57.329Z,9537.925626,imu,1.305898,1.177331,-1.136685,,,,
2026-05-01T19:09:57.339Z,9537.935398,imu,1.217991,1.228300,-1.420877,,,,
2026-05-01T19:09:57.349Z,9537.945726,imu,0.964249,1.163408,-1.688220,,,,
2026-05-01T19:09:57.358Z,9537.955270,imu,0.627369,1.029012,-1.733154,,,,
2026-05-01T19:09:57.369Z,9537.965557,imu,0.352202,1.008888,-1.754587,,,,
2026-05-01T19:09:57.378Z,9537.975153,imu,0.174710,1.026095,-1.522860,,,,
2026-05-01T19:09:57.389Z,9537.985439,imu,0.138141,0.918550,-1.312252,,,,
2026-05-01T19:09:57.398Z,9537.995068,imu,0.132948,0.741689,-1.058205,,,,
2026-05-01T19:09:57.409Z,9538.005328,imu,0.153291,0.621261,-0.783837,,,,
2026-05-01T19:09:57.418Z,9538.014964,imu,0.274474,0.582191,-0.625209,,,,
2026-05-01T19:09:57.429Z,9538.025334,imu,0.424362,0.559868,-0.475952,,,,
2026-05-01T19:09:57.438Z,9538.034896,imu,0.604910,0.559728,-0.295952,,,,
2026-05-01T19:09:57.449Z,9538.045384,imu,0.784031,0.585492,-0.057871,,,,
2026-05-01T19:09:57.458Z,9538.054725,imu,0.936231,0.711131,0.284992,,,,
2026-05-01T19:09:57.468Z,9538.065031,imu,1.096369,0.855329,0.741446,,,,
2026-05-01T19:09:57.478Z,9538.074693,imu,1.244531,0.933396,1.139974,,,,
2026-05-01T19:09:57.488Z,9538.085161,imu,1.369240,0.993005,1.496461,,,,
2026-05-01T19:09:57.498Z,9538.094467,imu,1.432046,1.068571,1.803110,,,,
2026-05-01T19:09:57.508Z,9538.105097,imu,1.453829,1.103744,1.977182,,,,
2026-05-01T19:09:57.518Z,9538.114464,imu,1.417329,1.046082,2.014914,,,,
2026-05-01T19:09:57.528Z,9538.124741,imu,1.324318,0.995366,1.923933,,,,
2026-05-01T19:09:57.538Z,9538.134525,imu,1.216994,0.951297,1.741969,,,,
2026-05-01T19:09:57.548Z,9538.144319,imu,1.110559,0.833664,1.549490,,,,
2026-05-01T19:09:57.557Z,9538.154220,imu,1.025035,0.756900,1.388561,,,,
2026-05-01T19:09:57.568Z,9538.164776,imu,1.047434,0.750815,1.242418,,,,
2026-05-01T19:09:57.577Z,9538.174089,imu,1.133274,0.715568,1.104344,,,,
2026-05-01T19:09:57.587Z,9538.184051,imu,1.132260,0.673749,0.982598,,,,
2026-05-01T19:09:57.598Z,9538.194295,imu,1.137825,0.632153,0.794254,,,,
2026-05-01T19:09:57.607Z,9538.203882,imu,1.142167,0.589767,0.527052,,,,
2026-05-01T19:09:57.617Z,9538.213951,imu,1.036044,0.644935,0.296145,,,,
2026-05-01T19:09:57.627Z,9538.223997,imu,0.859618,0.679570,0.136601,,,,
2026-05-01T19:09:57.637Z,9538.233790,imu,0.734781,0.619634,0.049230,,,,
2026-05-01T19:09:57.647Z,9538.243760,imu,0.581809,0.549938,-0.114985,,,,
2026-05-01T19:09:57.657Z,9538.253928,imu,0.454169,0.546840,-0.312811,,,,
2026-05-01T19:09:57.667Z,9538.263651,imu,0.422443,0.540701,-0.522988,,,,
2026-05-01T19:09:57.677Z,9538.273565,imu,0.372683,0.451457,-0.724083,,,,
2026-05-01T19:09:57.687Z,9538.283697,imu,0.349923,0.395557,-1.016671,,,,
2026-05-01T19:09:57.697Z,9538.293525,imu,0.448077,0.433553,-1.468019,,,,
2026-05-01T19:09:57.707Z,9538.303308,imu,0.716045,0.478225,-1.925137,,,,
2026-05-01T19:09:57.717Z,9538.313564,imu,1.019846,0.534872,-2.239166,,,,
2026-05-01T19:09:57.727Z,9538.323323,imu,1.205031,0.609143,-2.374182,,,,
2026-05-01T19:09:57.737Z,9538.333276,imu,1.326073,0.760531,-2.230482,,,,
2026-05-01T19:09:57.747Z,9538.343434,imu,1.432114,0.843266,-1.892130,,,,
2026-05-01T19:09:57.756Z,9538.353263,imu,1.484927,0.770056,-1.432159,,,,
2026-05-01T19:09:57.766Z,9538.363175,imu,1.448740,0.728257,-1.039767,,,,
2026-05-01T19:09:57.776Z,9538.373245,imu,1.256262,0.782892,-0.737824,,,,
2026-05-01T19:09:57.786Z,9538.383000,imu,0.965467,0.733966,-0.390410,,,,
2026-05-01T19:09:57.796Z,9538.392999,imu,0.664396,0.666447,-0.076647,,,,
2026-05-01T19:09:57.807Z,9538.403600,imu,0.339376,0.648682,0.072844,,,,
2026-05-01T19:09:57.816Z,9538.412918,imu,-0.006651,0.549215,0.059162,,,,
2026-05-01T19:09:57.828Z,9538.424974,imu,-0.292195,0.295377,-0.045857,,,,
2026-05-01T19:09:57.836Z,9538.432984,imu,-0.389031,-0.045526,-0.481425,,,,
2026-05-01T19:09:57.847Z,9538.443849,imu,-0.378519,-0.412796,-1.112759,,,,
2026-05-01T19:09:57.856Z,9538.452691,imu,-0.347721,-0.570128,-1.794174,,,,
2026-05-01T19:09:57.866Z,9538.462812,imu,-0.153224,-0.407704,-2.295668,,,,
2026-05-01T19:09:57.876Z,9538.472539,imu,0.200852,-0.126225,-2.334459,,,,
2026-05-01T19:09:57.886Z,9538.482468,imu,0.614123,0.156962,-1.919521,,,,
2026-05-01T19:09:57.896Z,9538.492789,imu,0.937196,0.388253,-1.190111,,,,
2026-05-01T19:09:57.906Z,9538.502511,imu,1.178661,0.572324,-0.351830,,,,
2026-05-01T19:09:57.916Z,9538.512441,imu,1.353851,0.748326,0.341789,,,,
2026-05-01T19:09:57.926Z,9538.522335,imu,1.423810,0.901991,0.743907,,,,
2026-05-01T19:09:57.936Z,9538.532389,imu,1.397943,1.023281,0.970247,,,,
2026-05-01T19:09:57.945Z,9538.542221,imu,1.284506,1.056202,1.106842,,,,
2026-05-01T19:09:57.955Z,9538.552207,imu,1.147317,1.070652,1.143366,,,,
2026-05-01T19:09:57.965Z,9538.562152,imu,1.069545,1.049445,1.056169,,,,
2026-05-01T19:09:57.975Z,9538.572013,imu,0.954113,1.011074,0.773727,,,,
2026-05-01T19:09:57.985Z,9538.581929,imu,0.817158,0.924296,0.483342,,,,
2026-05-01T19:09:57.995Z,9538.591846,imu,0.682046,0.853252,0.300811,,,,
2026-05-01T19:09:58.005Z,9538.601830,imu,0.556067,0.739850,0.224371,,,,
2026-05-01T19:09:58.015Z,9538.611799,imu,0.450887,0.601536,0.192660,,,,
2026-05-01T19:09:58.025Z,9538.621741,imu,0.392439,0.493998,0.231658,,,,
2026-05-01T19:09:58.035Z,9538.631722,imu,0.356375,0.461998,0.390896,,,,
2026-05-01T19:09:58.045Z,9538.641722,imu,0.305859,0.401382,0.620716,,,,
2026-05-01T19:09:58.055Z,9538.651675,imu,0.289022,0.344933,1.022496,,,,
2026-05-01T19:09:58.065Z,9538.662104,imu,0.282262,0.303595,1.455990,,,,
2026-05-01T19:09:58.075Z,9538.671537,imu,0.291547,0.250193,1.959228,,,,
2026-05-01T19:09:58.085Z,9538.681444,imu,0.321934,0.182740,2.390969,,,,
2026-05-01T19:09:58.095Z,9538.691404,imu,0.371854,0.107586,2.747000,,,,
2026-05-01T19:09:58.105Z,9538.701371,imu,0.419860,0.041881,2.976065,,,,
2026-05-01T19:09:58.115Z,9538.711336,imu,0.506874,-0.064816,2.993603,,,,
2026-05-01T19:09:58.124Z,9538.721120,imu,0.572452,-0.136364,2.840895,,,,
2026-05-01T19:09:58.134Z,9538.731221,imu,0.560582,-0.104685,2.616972,,,,
2026-05-01T19:09:58.144Z,9538.741115,imu,0.529276,-0.098767,2.331700,,,,
2026-05-01T19:09:58.154Z,9538.751127,imu,0.508627,-0.124447,2.057691,,,,
2026-05-01T19:09:58.164Z,9538.760966,imu,0.547007,-0.093793,1.820291,,,,
2026-05-01T19:09:58.174Z,9538.770968,imu,0.569350,-0.070948,1.639670,,,,
2026-05-01T19:09:58.184Z,9538.780889,imu,0.580806,-0.057762,1.461981,,,,
2026-05-01T19:09:58.194Z,9538.790824,imu,0.581547,-0.038030,1.277688,,,,
2026-05-01T19:09:58.204Z,9538.800850,imu,0.530756,-0.009984,1.076094,,,,
2026-05-01T19:09:58.214Z,9538.810772,imu,0.483839,-0.011051,0.849656,,,,
2026-05-01T19:09:58.224Z,9538.820714,imu,0.394540,0.032113,0.717280,,,,
2026-05-01T19:09:58.234Z,9538.830705,imu,0.299118,0.024497,0.609963,,,,
2026-05-01T19:09:58.244Z,9538.840589,imu,0.211967,-0.032402,0.371119,,,,
2026-05-01T19:09:58.254Z,9538.850581,imu,0.112417,-0.040477,-0.142107,,,,
2026-05-01T19:09:58.264Z,9538.860561,imu,0.135313,0.004865,-0.816401,,,,
2026-05-01T19:09:58.274Z,9538.870469,imu,0.278191,0.073864,-1.506779,,,,
2026-05-01T19:09:58.284Z,9538.880412,imu,0.421943,0.076519,-2.054554,,,,
2026-05-01T19:09:58.294Z,9538.890365,imu,0.496802,0.148580,-2.413164,,,,
2026-05-01T19:09:58.304Z,9538.900368,imu,0.496009,0.271284,-2.588536,,,,
2026-05-01T19:09:58.314Z,9538.910496,imu,0.342589,0.367666,-2.510562,,,,
2026-05-01T19:09:58.323Z,9538.920093,imu,0.082176,0.519149,-2.313511,,,,
2026-05-01T19:09:58.334Z,9538.930345,imu,-0.153709,0.792372,-2.092324,,,,
2026-05-01T19:09:58.343Z,9538.940072,imu,-0.491565,1.103852,-1.953546,,,,
2026-05-01T19:09:58.353Z,9538.950044,imu,-0.830740,1.202687,-1.994842,,,,
2026-05-01T19:09:58.363Z,9538.960045,imu,-1.025481,1.078258,-2.378633,,,,
2026-05-01T19:09:58.373Z,9538.969916,imu,-0.978310,1.012704,-3.075115,,,,
2026-05-01T19:09:58.383Z,9538.979903,imu,-0.736047,1.044619,-3.762477,,,,
2026-05-01T19:09:58.393Z,9538.989855,imu,-0.375773,1.248707,-4.302145,,,,
2026-05-01T19:09:58.403Z,9538.999819,imu,0.021082,1.518320,-4.448972,,,,
2026-05-01T19:09:58.413Z,9539.009750,imu,0.434860,1.604840,-4.237070,,,,
2026-05-01T19:09:58.423Z,9539.020170,imu,0.777659,1.685347,-3.763696,,,,
2026-05-01T19:09:58.433Z,9539.029659,imu,1.103454,1.843227,-3.022782,,,,
2026-05-01T19:09:58.443Z,9539.039561,imu,1.424747,1.907256,-2.143190,,,,
2026-05-01T19:09:58.453Z,9539.049547,imu,1.597844,1.963583,-1.319053,,,,
2026-05-01T19:09:58.463Z,9539.059556,imu,1.520919,1.932014,-0.686256,,,,
2026-05-01T19:09:58.473Z,9539.069478,imu,1.249158,1.765728,-0.214431,,,,
2026-05-01T19:09:58.483Z,9539.079376,imu,0.855408,1.498856,0.149704,,,,
2026-05-01T19:09:58.493Z,9539.089321,imu,0.472671,1.253878,0.299335,,,,
2026-05-01T19:09:58.503Z,9539.099303,imu,0.131471,1.119878,0.309080,,,,
2026-05-01T19:09:58.512Z,9539.109217,imu,-0.213043,0.968072,0.269899,,,,
2026-05-01T19:09:58.523Z,9539.119285,imu,-0.509165,0.814689,0.214957,,,,
2026-05-01T19:09:58.532Z,9539.129171,imu,-0.694369,0.734955,0.228290,,,,
2026-05-01T19:09:58.542Z,9539.139064,imu,-0.861454,0.682482,0.274877,,,,
2026-05-01T19:09:58.552Z,9539.149024,imu,-1.013242,0.629274,0.345316,,,,
2026-05-01T19:09:58.562Z,9539.158972,imu,-1.015067,0.559676,0.513692,,,,
2026-05-01T19:09:58.572Z,9539.169105,imu,-0.941549,0.486339,0.654471,,,,
2026-05-01T19:09:58.582Z,9539.178892,imu,-0.839160,0.488900,0.769257,,,,
2026-05-01T19:09:58.592Z,9539.188890,imu,-0.697652,0.486747,0.892428,,,,
2026-05-01T19:09:58.602Z,9539.198810,imu,-0.576635,0.487622,1.082454,,,,
2026-05-01T19:09:58.612Z,9539.208755,imu,-0.575815,0.592599,1.375063,,,,
2026-05-01T19:09:58.622Z,9539.218683,imu,-0.625762,0.653646,1.768834,,,,
2026-05-01T19:09:58.632Z,9539.228642,imu,-0.731524,0.681279,2.157019,,,,
2026-05-01T19:09:58.642Z,9539.238569,imu,-0.861807,0.687235,2.488175,,,,
2026-05-01T19:09:58.652Z,9539.248524,imu,-1.030220,0.636494,2.731363,,,,
2026-05-01T19:09:58.662Z,9539.258413,imu,-1.169938,0.534122,2.834912,,,,
2026-05-01T19:09:58.672Z,9539.268470,imu,-1.305628,0.390307,2.829583,,,,
2026-05-01T19:09:58.682Z,9539.278305,imu,-1.368452,0.257421,2.753051,,,,
2026-05-01T19:09:58.691Z,9539.288200,imu,-1.297781,0.162312,2.605429,,,,
2026-05-01T19:09:58.701Z,9539.298231,imu,-1.126178,0.048948,2.368586,,,,
2026-05-01T19:09:58.711Z,9539.308200,imu,-0.886241,0.002153,2.095263,,,,
2026-05-01T19:09:58.721Z,9539.318122,imu,-0.595809,-0.026953,1.775133,,,,
2026-05-01T19:09:58.731Z,9539.328083,imu,-0.292851,-0.017874,1.321070,,,,
2026-05-01T19:09:58.741Z,9539.338040,imu,-0.128171,0.017032,0.854223,,,,
2026-05-01T19:09:58.751Z,9539.347971,imu,-0.043254,0.041853,0.445789,,,,
2026-05-01T19:09:58.761Z,9539.357906,imu,0.018454,0.125486,0.094126,,,,
2026-05-01T19:09:58.771Z,9539.367935,imu,0.043469,0.295301,-0.135181,,,,
2026-05-01T19:09:58.781Z,9539.378137,imu,0.056258,0.388885,-0.165127,,,,
2026-05-01T19:09:58.791Z,9539.387840,imu,0.047186,0.423429,-0.006740,,,,
2026-05-01T19:09:58.801Z,9539.397731,imu,-0.050716,0.247563,0.021163,,,,
2026-05-01T19:09:58.811Z,9539.407743,imu,-0.273494,0.123257,-0.277336,,,,
2026-05-01T19:09:58.822Z,9539.418528,imu,-0.391205,0.145578,-0.392107,,,,
2026-05-01T19:09:58.831Z,9539.427439,imu,-0.419658,-0.005182,-0.692536,,,,
2026-05-01T19:09:58.841Z,9539.437556,imu,-0.531664,-0.129428,-0.890711,,,,
2026-05-01T19:09:58.851Z,9539.447638,imu,-0.608898,-0.174307,-0.986105,,,,
2026-05-01T19:09:58.861Z,9539.457303,imu,-0.508959,-0.145027,-0.930364,,,,
2026-05-01T19:09:58.872Z,9539.468749,imu,-0.361474,-0.055427,-0.683015,,,,
2026-05-01T19:09:58.881Z,9539.477300,imu,-0.154705,0.049560,-0.384811,,,,
2026-05-01T19:09:58.890Z,9539.487138,imu,0.110592,0.202890,-0.087168,,,,
2026-05-01T19:09:58.900Z,9539.497206,imu,0.310919,0.251246,0.000406,,,,
2026-05-01T19:09:58.910Z,9539.507079,imu,0.382471,0.178789,0.097694,,,,
2026-05-01T19:09:58.920Z,9539.517088,imu,0.387026,0.073056,0.072163,,,,
2026-05-01T19:09:58.930Z,9539.527149,imu,0.478310,-0.022376,-0.071173,,,,
2026-05-01T19:09:58.940Z,9539.536856,imu,0.487570,-0.203414,-0.297997,,,,
2026-05-01T19:09:58.950Z,9539.546940,imu,0.427632,-0.532502,-0.729559,,,,
2026-05-01T19:09:58.960Z,9539.556812,imu,0.304931,-0.816009,-1.647648,,,,
2026-05-01T19:09:58.970Z,9539.566847,imu,0.075208,-0.875500,-2.866520,,,,
2026-05-01T19:09:58.980Z,9539.576795,imu,-0.154647,-0.820636,-3.979506,,,,
2026-05-01T19:09:58.990Z,9539.586788,imu,-0.287891,-0.730885,-4.710995,,,,
2026-05-01T19:09:59.000Z,9539.597128,imu,-0.372390,-0.666317,-4.728004,,,,
2026-05-01T19:09:59.010Z,9539.606555,imu,-0.431747,-0.588646,-4.185503,,,,
2026-05-01T19:09:59.020Z,9539.616548,imu,-0.305203,-0.616377,-3.140083,,,,
2026-05-01T19:09:59.030Z,9539.626536,imu,-0.151405,-0.556243,-1.892395,,,,
2026-05-01T19:09:59.040Z,9539.636915,imu,-0.077181,-0.435460,-0.884396,,,,
2026-05-01T19:09:59.050Z,9539.646341,imu,-0.036547,-0.420796,-0.056263,,,,
2026-05-01T19:09:59.060Z,9539.656340,imu,-0.054976,-0.429354,0.556090,,,,
2026-05-01T19:09:59.070Z,9539.666381,imu,-0.129630,-0.436036,0.855284,,,,
2026-05-01T19:09:59.080Z,9539.676636,imu,-0.148754,-0.436666,0.994832,,,,
2026-05-01T19:09:59.089Z,9539.686148,imu,-0.119326,-0.424154,0.975861,,,,
2026-05-01T19:09:59.100Z,9539.696342,imu,-0.115093,-0.504963,0.827308,,,,
2026-05-01T19:09:59.109Z,9539.705995,imu,-0.204237,-0.626641,0.542826,,,,
2026-05-01T19:09:59.119Z,9539.716040,imu,-0.296152,-0.722380,0.251939,,,,
2026-05-01T19:09:59.129Z,9539.725889,imu,-0.345681,-0.752620,0.006235,,,,
2026-05-01T19:09:59.139Z,9539.736058,imu,-0.392770,-0.786276,-0.059057,,,,
2026-05-01T19:09:59.149Z,9539.745881,imu,-0.434484,-0.778795,0.143632,,,,
2026-05-01T19:09:59.159Z,9539.756033,imu,-0.444941,-0.691931,0.640977,,,,
2026-05-01T19:09:59.169Z,9539.765669,imu,-0.396764,-0.617791,1.303296,,,,
2026-05-01T19:09:59.179Z,9539.775739,imu,-0.328731,-0.567125,2.039406,,,,
2026-05-01T19:09:59.189Z,9539.785955,imu,-0.253673,-0.531398,2.781239,,,,
2026-05-01T19:09:59.199Z,9539.795633,imu,-0.180798,-0.547239,3.364435,,,,
2026-05-01T19:09:59.209Z,9539.805755,imu,-0.149673,-0.591290,3.767104,,,,
2026-05-01T19:09:59.219Z,9539.815745,imu,-0.054977,-0.582816,4.073525,,,,
2026-05-01T19:09:59.229Z,9539.825928,imu,0.069917,-0.573702,4.152494,,,,
2026-05-01T19:09:59.239Z,9539.835499,imu,0.206408,-0.563831,4.095493,,,,
2026-05-01T19:09:59.249Z,9539.845933,imu,0.357755,-0.546435,3.906841,,,,
2026-05-01T19:09:59.259Z,9539.855364,imu,0.532205,-0.470950,3.491449,,,,
2026-05-01T19:09:59.269Z,9539.865764,imu,0.627329,-0.482558,3.001985,,,,
2026-05-01T19:09:59.279Z,9539.875415,imu,0.617726,-0.577650,2.526128,,,,
2026-05-01T19:09:59.289Z,9539.885600,imu,0.529882,-0.613789,2.034884,,,,
2026-05-01T19:09:59.298Z,9539.895207,imu,0.365514,-0.648300,1.582515,,,,
2026-05-01T19:09:59.309Z,9539.905700,imu,0.218081,-0.710804,1.235421,,,,
2026-05-01T19:09:59.318Z,9539.915039,imu,0.066304,-0.715284,0.954662,,,,
2026-05-01T19:09:59.329Z,9539.925464,imu,0.008529,-0.615591,0.718237,,,,
2026-05-01T19:09:59.338Z,9539.935103,imu,0.094636,-0.500204,0.347360,,,,
2026-05-01T19:09:59.348Z,9539.945188,imu,0.210948,-0.464347,-0.053520,,,,
2026-05-01T19:09:59.358Z,9539.954703,imu,0.323833,-0.480678,-0.446248,,,,
2026-05-01T19:09:59.368Z,9539.965227,imu,0.401791,-0.554393,-0.893487,,,,
2026-05-01T19:09:59.378Z,9539.974682,imu,0.424658,-0.628824,-1.277489,,,,
2026-05-01T19:09:59.388Z,9539.985036,imu,0.395184,-0.584990,-1.539654,,,,
2026-05-01T19:09:59.398Z,9539.994786,imu,0.276278,-0.503787,-1.703258,,,,
2026-05-01T19:09:59.408Z,9540.004988,imu,0.142163,-0.506632,-1.677615,,,,
2026-05-01T19:09:59.418Z,9540.014480,imu,0.139255,-0.383353,-1.652104,,,,
2026-05-01T19:09:59.428Z,9540.024979,imu,0.145314,-0.110727,-1.716430,,,,
2026-05-01T19:09:59.438Z,9540.034390,imu,0.016161,0.059514,-1.629285,,,,
2026-05-01T19:09:59.448Z,9540.044707,imu,-0.188603,-0.072776,-1.530054,,,,
2026-05-01T19:09:59.458Z,9540.054446,imu,-0.498336,-0.368318,-1.717476,,,,
2026-05-01T19:09:59.467Z,9540.064239,imu,-0.844156,-0.606945,-2.300870,,,,
2026-05-01T19:09:59.477Z,9540.074143,imu,-1.093495,-0.772941,-3.077238,,,,
2026-05-01T19:09:59.488Z,9540.084638,imu,-1.100193,-0.821353,-3.773050,,,,
2026-05-01T19:09:59.497Z,9540.094143,imu,-0.893149,-0.813695,-4.019248,,,,
2026-05-01T19:09:59.507Z,9540.104103,imu,-0.404303,-0.764649,-3.685126,,,,
2026-05-01T19:09:59.517Z,9540.114119,imu,0.281244,-0.545661,-2.975534,,,,
2026-05-01T19:09:59.527Z,9540.123910,imu,0.903285,-0.259673,-2.022042,,,,
2026-05-01T19:09:59.537Z,9540.133840,imu,1.335697,-0.056224,-1.122562,,,,
2026-05-01T19:09:59.547Z,9540.144074,imu,1.639236,0.089886,-0.491274,,,,
2026-05-01T19:09:59.557Z,9540.153625,imu,1.782425,0.246228,-0.125564,,,,
2026-05-01T19:09:59.567Z,9540.163712,imu,1.765269,0.304850,-0.009921,,,,
2026-05-01T19:09:59.577Z,9540.173592,imu,1.565083,0.197022,-0.057631,,,,
2026-05-01T19:09:59.587Z,9540.183591,imu,1.210696,0.009678,-0.171180,,,,
2026-05-01T19:09:59.597Z,9540.193596,imu,0.874598,-0.131444,-0.250631,,,,
2026-05-01T19:09:59.607Z,9540.203730,imu,0.547118,-0.241405,-0.148397,,,,
2026-05-01T19:09:59.617Z,9540.213461,imu,0.277438,-0.249281,-0.085387,,,,
2026-05-01T19:09:59.627Z,9540.223386,imu,0.125095,-0.165276,0.010475,,,,
2026-05-01T19:09:59.637Z,9540.233309,imu,0.072958,-0.161870,0.112010,,,,
2026-05-01T19:09:59.647Z,9540.243454,imu,0.070123,-0.200127,0.177258,,,,
2026-05-01T19:09:59.657Z,9540.253591,imu,0.064380,-0.190717,0.118705,,,,
2026-05-01T19:09:59.666Z,9540.263057,imu,0.097246,-0.089342,0.089013,,,,
2026-05-01T19:09:59.676Z,9540.273140,imu,0.142003,0.029691,0.227315,,,,
2026-05-01T19:09:59.686Z,9540.283011,imu,0.199535,0.090334,0.563311,,,,
2026-05-01T19:09:59.696Z,9540.293052,imu,0.297331,0.164467,1.034405,,,,
2026-05-01T19:09:59.706Z,9540.302952,imu,0.421210,0.278947,1.598283,,,,
2026-05-01T19:09:59.716Z,9540.312933,imu,0.568080,0.348643,2.190824,,,,
2026-05-01T19:09:59.726Z,9540.322859,imu,0.646042,0.336579,2.778867,,,,
2026-05-01T19:09:59.736Z,9540.332813,imu,0.678011,0.298801,3.195910,,,,
2026-05-01T19:09:59.746Z,9540.342880,imu,0.661310,0.283244,3.439329,,,,
2026-05-01T19:09:59.756Z,9540.352778,imu,0.569444,0.276212,3.528305,,,,
2026-05-01T19:09:59.766Z,9540.362684,imu,0.422197,0.171930,3.426269,,,,
2026-05-01T19:09:59.776Z,9540.372678,imu,0.277991,0.070746,3.201944,,,,
2026-05-01T19:09:59.786Z,9540.382565,imu,0.222053,0.090361,2.816838,,,,
2026-05-01T19:09:59.796Z,9540.392515,imu,0.301674,0.120387,2.324646,,,,
2026-05-01T19:09:59.806Z,9540.402525,imu,0.420116,0.097323,1.787992,,,,
2026-05-01T19:09:59.816Z,9540.412681,imu,0.470605,0.036138,1.271389,,,,
2026-05-01T19:09:59.826Z,9540.422350,imu,0.484837,-0.033783,0.749162,,,,
2026-05-01T19:09:59.836Z,9540.432406,imu,0.424180,-0.091233,0.317353,,,,
2026-05-01T19:09:59.841Z,9540.437660,gps,,,,-15.745980,-47.850055,1.091506,6.035937
2026-05-01T19:09:59.846Z,9540.442915,imu,0.399932,-0.078152,-0.115230,,,,
2026-05-01T19:09:59.856Z,9540.452816,imu,0.457112,-0.037042,-0.466351,,,,
2026-05-01T19:09:59.865Z,9540.462132,imu,0.487916,0.073075,-0.685002,,,,
2026-05-01T19:09:59.875Z,9540.472030,imu,0.483509,0.176182,-0.853929,,,,
2026-05-01T19:09:59.885Z,9540.482050,imu,0.452309,0.180841,-1.035565,,,,
2026-05-01T19:09:59.895Z,9540.491935,imu,0.436811,0.200274,-1.249368,,,,
2026-05-01T19:09:59.905Z,9540.502006,imu,0.470310,0.337876,-1.504068,,,,
2026-05-01T19:09:59.915Z,9540.511987,imu,0.507736,0.345622,-1.768394,,,,
2026-05-01T19:09:59.925Z,9540.521845,imu,0.567147,0.301317,-1.929928,,,,
2026-05-01T19:09:59.935Z,9540.531863,imu,0.642730,0.410293,-1.990135,,,,
2026-05-01T19:09:59.945Z,9540.541766,imu,0.734862,0.490361,-1.879366,,,,
2026-05-01T19:09:59.955Z,9540.551691,imu,0.787025,0.459789,-1.671619,,,,
2026-05-01T19:09:59.965Z,9540.561687,imu,0.794905,0.358716,-1.343175,,,,
2026-05-01T19:09:59.975Z,9540.571600,imu,0.769858,0.244418,-0.784635,,,,
2026-05-01T19:09:59.985Z,9540.581583,imu,0.667541,0.199422,-0.276153,,,,
2026-05-01T19:09:59.995Z,9540.591467,imu,0.560602,0.117537,0.104752,,,,
2026-05-01T19:10:00.005Z,9540.601459,imu,0.352841,-0.090842,0.305785,,,,
2026-05-01T19:10:00.015Z,9540.611356,imu,0.061939,-0.378900,0.157691,,,,
2026-05-01T19:10:00.024Z,9540.621176,imu,-0.200913,-0.551903,-0.339603,,,,
2026-05-01T19:10:00.034Z,9540.631140,imu,-0.458566,-0.709760,-1.074914,,,,
2026-05-01T19:10:00.044Z,9540.641226,imu,-0.707834,-0.815372,-1.890000,,,,
2026-05-01T19:10:00.054Z,9540.651146,imu,-0.868023,-0.691887,-2.562555,,,,
2026-05-01T19:10:00.064Z,9540.661148,imu,-0.944501,-0.507097,-2.809804,,,,
2026-05-01T19:10:00.074Z,9540.671071,imu,-1.082909,-0.335048,-2.799960,,,,
2026-05-01T19:10:00.085Z,9540.681522,imu,-1.119393,-0.214739,-2.536796,,,,
2026-05-01T19:10:00.094Z,9540.690928,imu,-0.885626,-0.058522,-1.967761,,,,
2026-05-01T19:10:00.104Z,9540.700914,imu,-0.505052,0.174361,-1.360821,,,,
2026-05-01T19:10:00.114Z,9540.710880,imu,-0.205963,0.362800,-0.774052,,,,
2026-05-01T19:10:00.124Z,9540.720823,imu,-0.016002,0.429235,-0.243383,,,,
2026-05-01T19:10:00.134Z,9540.730707,imu,0.118350,0.433474,0.067610,,,,
2026-05-01T19:10:00.144Z,9540.740747,imu,0.133292,0.460607,0.221265,,,,
2026-05-01T19:10:00.154Z,9540.750643,imu,0.013533,0.518719,0.275500,,,,
2026-05-01T19:10:00.164Z,9540.760670,imu,-0.136540,0.559987,0.327236,,,,
2026-05-01T19:10:00.174Z,9540.770547,imu,-0.296163,0.605613,0.527069,,,,
2026-05-01T19:10:00.184Z,9540.780530,imu,-0.413432,0.679727,0.951239,,,,
2026-05-01T19:10:00.194Z,9540.790392,imu,-0.525237,0.752222,1.521348,,,,
2026-05-01T19:10:00.204Z,9540.800358,imu,-0.651180,0.715742,1.992781,,,,
2026-05-01T19:10:00.214Z,9540.810349,imu,-0.771966,0.636124,2.273514,,,,
2026-05-01T19:10:00.223Z,9540.820253,imu,-0.882323,0.576098,2.392170,,,,
2026-05-01T19:10:00.233Z,9540.830230,imu,-0.920553,0.569168,2.392898,,,,
2026-05-01T19:10:00.243Z,9540.840199,imu,-0.934702,0.531136,2.339791,,,,
2026-05-01T19:10:00.253Z,9540.850071,imu,-0.962031,0.379304,2.328888,,,,
2026-05-01T19:10:00.263Z,9540.860224,imu,-1.005355,0.247178,2.328884,,,,
2026-05-01T19:10:00.273Z,9540.869932,imu,-0.966652,0.289506,2.373638,,,,
2026-05-01T19:10:00.283Z,9540.879976,imu,-0.813920,0.420269,2.578593,,,,
2026-05-01T19:10:00.293Z,9540.889902,imu,-0.661536,0.463054,2.923198,,,,
2026-05-01T19:10:00.303Z,9540.899867,imu,-0.590107,0.423875,3.262224,,,,
2026-05-01T19:10:00.313Z,9540.909849,imu,-0.558656,0.327566,3.377586,,,,
2026-05-01T19:10:00.323Z,9540.920248,imu,-0.465063,0.269249,3.204770,,,,
2026-05-01T19:10:00.333Z,9540.929718,imu,-0.321157,0.296296,2.823728,,,,
2026-05-01T19:10:00.343Z,9540.939653,imu,-0.305804,0.236815,2.395677,,,,
2026-05-01T19:10:00.353Z,9540.949581,imu,-0.328580,0.105991,2.028659,,,,
2026-05-01T19:10:00.363Z,9540.959692,imu,-0.342285,0.064153,1.757205,,,,
2026-05-01T19:10:00.373Z,9540.969429,imu,-0.262863,0.076956,1.533297,,,,
2026-05-01T19:10:00.383Z,9540.979448,imu,-0.147706,0.036198,1.347179,,,,
2026-05-01T19:10:00.393Z,9540.989384,imu,-0.158245,0.007281,1.186471,,,,
2026-05-01T19:10:00.403Z,9540.999367,imu,-0.290337,0.033243,1.071398,,,,
2026-05-01T19:10:00.413Z,9541.009305,imu,-0.505071,-0.031727,0.955019,,,,
2026-05-01T19:10:00.423Z,9541.019337,imu,-0.780482,-0.256062,0.798571,,,,
2026-05-01T19:10:00.432Z,9541.029182,imu,-1.007128,-0.565458,0.592739,,,,
2026-05-01T19:10:00.442Z,9541.039090,imu,-1.149884,-0.814247,0.269866,,,,
2026-05-01T19:10:00.452Z,9541.049058,imu,-1.233592,-0.917884,-0.147613,,,,
2026-05-01T19:10:00.462Z,9541.059051,imu,-1.240643,-1.035476,-0.669814,,,,
2026-05-01T19:10:00.472Z,9541.069046,imu,-1.290145,-1.196970,-1.273147,,,,
2026-05-01T19:10:00.482Z,9541.079046,imu,-1.268052,-1.258866,-1.762791,,,,
2026-05-01T19:10:00.492Z,9541.088816,imu,-1.104553,-1.091871,-2.124012,,,,
2026-05-01T19:10:00.502Z,9541.098835,imu,-0.797163,-0.872338,-2.119832,,,,
2026-05-01T19:10:00.512Z,9541.108781,imu,-0.530786,-0.728488,-1.945137,,,,
2026-05-01T19:10:00.522Z,9541.118802,imu,-0.404350,-0.745897,-1.960837,,,,
2026-05-01T19:10:00.532Z,9541.128662,imu,-0.414686,-0.776601,-2.211304,,,,
2026-05-01T19:10:00.542Z,9541.138624,imu,-0.563469,-0.780005,-2.688068,,,,
2026-05-01T19:10:00.552Z,9541.148554,imu,-0.860110,-0.827159,-3.326270,,,,
2026-05-01T19:10:00.562Z,9541.158494,imu,-1.212247,-1.003439,-3.898739,,,,
2026-05-01T19:10:00.572Z,9541.168439,imu,-1.454401,-1.013325,-4.181447,,,,
2026-05-01T19:10:00.582Z,9541.178425,imu,-1.493735,-0.691976,-4.208957,,,,
2026-05-01T19:10:00.592Z,9541.188333,imu,-1.215271,-0.583866,-3.727880,,,,
2026-05-01T19:10:00.602Z,9541.198537,imu,-0.755471,-0.505718,-2.685825,,,,
2026-05-01T19:10:00.612Z,9541.208311,imu,-0.319888,-0.163407,-1.602048,,,,
2026-05-01T19:10:00.621Z,9541.218235,imu,0.002177,0.147682,-0.613082,,,,
2026-05-01T19:10:00.632Z,9541.228385,imu,0.189267,0.228187,0.205738,,,,
2026-05-01T19:10:00.641Z,9541.238134,imu,0.133666,0.279211,0.752892,,,,
2026-05-01T19:10:00.651Z,9541.248073,imu,-0.058146,0.329121,0.936025,,,,
2026-05-01T19:10:00.661Z,9541.258198,imu,-0.209619,0.504868,0.528877,,,,
2026-05-01T19:10:00.671Z,9541.267961,imu,-0.279249,0.582736,0.034146,,,,
2026-05-01T19:10:00.681Z,9541.278220,imu,-0.366029,0.646731,-0.394590,,,,
2026-05-01T19:10:00.691Z,9541.287997,imu,-0.271966,1.031900,-0.862086,,,,
2026-05-01T19:10:00.701Z,9541.297668,imu,-0.395485,1.024283,-1.349684,,,,
2026-05-01T19:10:00.711Z,9541.307608,imu,-0.535081,1.184315,-1.254371,,,,
2026-05-01T19:10:00.721Z,9541.317904,imu,-0.652624,1.030381,-0.546105,,,,
2026-05-01T19:10:00.731Z,9541.327912,imu,-0.858199,0.880897,0.111793,,,,
2026-05-01T19:10:00.741Z,9541.337601,imu,-1.001180,0.946327,0.989109,,,,
2026-05-01T19:10:00.751Z,9541.347654,imu,-1.062880,1.031418,1.598583,,,,
2026-05-01T19:10:00.761Z,9541.357486,imu,-0.977698,1.101369,1.990647,,,,
2026-05-01T19:10:00.771Z,9541.367404,imu,-0.772424,1.129812,2.260872,,,,
2026-05-01T19:10:00.781Z,9541.377609,imu,-0.606811,1.177664,2.301169,,,,
2026-05-01T19:10:00.790Z,9541.387200,imu,-0.524911,1.200749,2.091974,,,,
2026-05-01T19:10:00.800Z,9541.397261,imu,-0.478216,1.120240,1.792940,,,,
2026-05-01T19:10:00.811Z,9541.407379,imu,-0.471127,1.043460,1.226868,,,,
2026-05-01T19:10:00.821Z,9541.417304,imu,-0.403751,1.072670,0.859818,,,,
2026-05-01T19:10:00.831Z,9541.427281,imu,-0.384527,1.087821,0.796818,,,,
2026-05-01T19:10:00.841Z,9541.437659,imu,-0.478445,1.070152,0.673221,,,,
2026-05-01T19:10:00.851Z,9541.447371,imu,-0.627366,0.877942,0.464386,,,,
2026-05-01T19:10:00.854Z,9541.450321,gps,,,,-15.745970,-47.850070,1.467269,5.145012
2026-05-01T19:10:00.860Z,9541.456959,imu,-0.789942,0.738001,0.406925,,,,
2026-05-01T19:10:00.871Z,9541.467310,imu,-0.828012,0.647176,0.584522,,,,
2026-05-01T19:10:00.880Z,9541.476812,imu,-0.600380,0.379512,0.835936,,,,
2026-05-01T19:10:00.890Z,9541.486836,imu,-0.176522,0.128445,1.088372,,,,
2026-05-01T19:10:00.900Z,9541.496921,imu,0.248394,-0.105300,1.572297,,,,
2026-05-01T19:10:00.910Z,9541.506663,imu,0.608470,-0.243197,1.882961,,,,
2026-05-01T19:10:00.920Z,9541.516636,imu,0.910518,-0.292269,2.096114,,,,
2026-05-01T19:10:00.930Z,9541.526763,imu,1.022566,-0.352515,2.134987,,,,
2026-05-01T19:10:00.940Z,9541.537093,imu,0.944644,-0.354311,1.960529,,,,
2026-05-01T19:10:00.950Z,9541.546369,imu,0.751651,-0.244836,1.543562,,,,
2026-05-01T19:10:00.960Z,9541.556578,imu,0.641257,-0.078670,0.986758,,,,
2026-05-01T19:10:00.969Z,9541.566227,imu,0.691930,0.130165,0.503622,,,,
2026-05-01T19:10:00.980Z,9541.576478,imu,0.750447,0.148813,0.238317,,,,
2026-05-01T19:10:00.990Z,9541.586407,imu,0.711801,0.023730,0.017347,,,,
2026-05-01T19:10:00.999Z,9541.596254,imu,0.521216,-0.079708,-0.326571,,,,
2026-05-01T19:10:01.009Z,9541.606001,imu,0.237880,-0.241753,-0.666881,,,,
2026-05-01T19:10:01.020Z,9541.616286,imu,-0.083711,-0.433891,-0.982785,,,,
2026-05-01T19:10:01.029Z,9541.626044,imu,-0.412130,-0.496846,-1.301858,,,,
2026-05-01T19:10:01.039Z,9541.636146,imu,-0.591487,-0.448836,-1.483396,,,,
2026-05-01T19:10:01.049Z,9541.646036,imu,-0.491646,-0.289255,-1.453203,,,,
2026-05-01T19:10:01.059Z,9541.655907,imu,-0.296475,-0.165298,-1.374382,,,,
2026-05-01T19:10:01.069Z,9541.665719,imu,-0.165687,-0.150758,-1.231614,,,,
2026-05-01T19:10:01.079Z,9541.676030,imu,0.002661,-0.117815,-1.215254,,,,
2026-05-01T19:10:01.090Z,9541.686276,imu,0.213061,0.044562,-1.183658,,,,
2026-05-01T19:10:01.099Z,9541.695723,imu,0.409428,0.362286,-1.083200,,,,
2026-05-01T19:10:01.109Z,9541.705963,imu,0.603750,0.553923,-1.001408,,,,
2026-05-01T19:10:01.119Z,9541.715606,imu,0.806768,0.621951,-1.045018,,,,
2026-05-01T19:10:01.129Z,9541.725729,imu,0.904784,0.660185,-1.123480,,,,
2026-05-01T19:10:01.139Z,9541.735749,imu,0.928928,0.692603,-1.419138,,,,
2026-05-01T19:10:01.149Z,9541.745753,imu,0.973174,0.583397,-1.929854,,,,
2026-05-01T19:10:01.159Z,9541.755402,imu,0.926969,0.361496,-2.634991,,,,
2026-05-01T19:10:01.169Z,9541.765692,imu,0.765894,0.185385,-3.433271,,,,
2026-05-01T19:10:01.179Z,9541.775267,imu,0.532344,-0.026922,-3.984136,,,,
2026-05-01T19:10:01.189Z,9541.785601,imu,0.276577,0.029479,-4.020800,,,,
2026-05-01T19:10:01.199Z,9541.795396,imu,0.052757,-0.031076,-4.057085,,,,
2026-05-01T19:10:01.209Z,9541.805464,imu,0.010731,0.198003,-3.543359,,,,
2026-05-01T19:10:01.218Z,9541.815067,imu,0.119535,0.284580,-2.657117,,,,
2026-05-01T19:10:01.229Z,9541.825525,imu,0.103621,0.377768,-1.671612,,,,
2026-05-01T19:10:01.238Z,9541.834988,imu,-0.013882,0.546371,-0.610856,,,,
2026-05-01T19:10:01.249Z,9541.845306,imu,-0.141693,0.489337,0.347979,,,,
2026-05-01T19:10:01.258Z,9541.855036,imu,-0.313477,0.300095,1.242719,,,,
2026-05-01T19:10:01.268Z,9541.865249,imu,-0.487329,0.095697,1.854513,,,,
2026-05-01T19:10:01.278Z,9541.874734,imu,-0.636865,0.058049,1.900780,,,,
2026-05-01T19:10:01.289Z,9541.885331,imu,-0.688319,0.098253,1.704152,,,,
2026-05-01T19:10:01.298Z,9541.894761,imu,-0.677404,0.263951,1.290739,,,,
2026-05-01T19:10:01.308Z,9541.904982,imu,-0.554058,0.502944,0.892021,,,,
2026-05-01T19:10:01.318Z,9541.914629,imu,-0.306011,0.679863,0.686986,,,,
2026-05-01T19:10:01.328Z,9541.924864,imu,-0.133408,0.751136,0.668190,,,,
2026-05-01T19:10:01.338Z,9541.934491,imu,0.030638,0.680813,0.645972,,,,
2026-05-01T19:10:01.348Z,9541.944818,imu,0.041383,0.533002,0.903883,,,,
2026-05-01T19:10:01.358Z,9541.954374,imu,0.047564,0.504444,1.218626,,,,
2026-05-01T19:10:01.368Z,9541.964614,imu,0.133512,0.501609,1.624295,,,,
2026-05-01T19:10:01.377Z,9541.974111,imu,0.145048,0.463287,2.079416,,,,
2026-05-01T19:10:01.387Z,9541.984076,imu,0.118570,0.405295,2.510083,,,,
2026-05-01T19:10:01.397Z,9541.994176,imu,0.100282,0.278740,2.946734,,,,
2026-05-01T19:10:01.407Z,9542.004102,imu,-0.005265,0.144261,3.326281,,,,
2026-05-01T19:10:01.417Z,9542.014067,imu,-0.242982,-0.004834,3.469469,,,,
2026-05-01T19:10:01.427Z,9542.023857,imu,-0.520868,-0.124359,3.434395,,,,
2026-05-01T19:10:01.437Z,9542.033948,imu,-0.689939,-0.210739,3.288088,,,,
2026-05-01T19:10:01.447Z,9542.044044,imu,-0.679367,-0.314219,3.014422,,,,
2026-05-01T19:10:01.457Z,9542.053771,imu,-0.612733,-0.355954,2.673232,,,,
2026-05-01T19:10:01.467Z,9542.063764,imu,-0.546369,-0.401851,2.358252,,,,
2026-05-01T19:10:01.477Z,9542.073722,imu,-0.461388,-0.416570,2.154406,,,,
2026-05-01T19:10:01.487Z,9542.083678,imu,-0.357965,-0.454566,2.127335,,,,
2026-05-01T19:10:01.497Z,9542.093700,imu,-0.306698,-0.548952,2.170727,,,,
2026-05-01T19:10:01.507Z,9542.103601,imu,-0.272689,-0.667786,2.215789,,,,
2026-05-01T19:10:01.517Z,9542.113535,imu,-0.292574,-0.774897,2.162163,,,,
2026-05-01T19:10:01.527Z,9542.123455,imu,-0.347313,-0.732863,1.957909,,,,
2026-05-01T19:10:01.537Z,9542.133420,imu,-0.404439,-0.554120,1.638793,,,,
2026-05-01T19:10:01.547Z,9542.143482,imu,-0.500154,-0.432030,1.257746,,,,
2026-05-01T19:10:01.557Z,9542.153739,imu,-0.715648,-0.458776,1.003577,,,,
2026-05-01T19:10:01.566Z,9542.163224,imu,-1.021311,-0.553507,0.791981,,,,
2026-05-01T19:10:01.576Z,9542.173199,imu,-1.229504,-0.625767,0.751322,,,,
2026-05-01T19:10:01.586Z,9542.183178,imu,-1.343038,-0.710118,0.635984,,,,
2026-05-01T19:10:01.596Z,9542.193151,imu,-1.424992,-0.836715,0.146792,,,,
2026-05-01T19:10:01.606Z,9542.203043,imu,-1.364531,-0.898466,-0.688141,,,,
2026-05-01T19:10:01.616Z,9542.213081,imu,-1.363383,-1.000019,-1.702006,,,,
2026-05-01T19:10:01.626Z,9542.222894,imu,-1.397061,-1.004825,-2.579850,,,,
2026-05-01T19:10:01.636Z,9542.232891,imu,-1.271276,-0.588049,-2.958864,,,,
2026-05-01T19:10:01.646Z,9542.242837,imu,-1.000184,0.080331,-2.741696,,,,
2026-05-01T19:10:01.656Z,9542.252873,imu,-0.613023,0.536849,-2.091168,,,,
2026-05-01T19:10:01.666Z,9542.262782,imu,-0.228730,0.756649,-1.466546,,,,
2026-05-01T19:10:01.676Z,9542.272741,imu,-0.004964,0.958896,-1.002988,,,,
2026-05-01T19:10:01.686Z,9542.282505,imu,0.021826,1.012160,-0.790672,,,,
2026-05-01T19:10:01.696Z,9542.292566,imu,-0.252623,0.564488,-0.987385,,,,
2026-05-01T19:10:01.706Z,9542.302544,imu,-0.849730,-0.187986,-1.868970,,,,
2026-05-01T19:10:01.716Z,9542.312542,imu,-1.402119,-0.745977,-3.442182,,,,
2026-05-01T19:10:01.726Z,9542.322412,imu,-1.531246,-0.864544,-4.842829,,,,
2026-05-01T19:10:01.736Z,9542.332378,imu,-1.154961,-0.553177,-5.515336,,,,
2026-05-01T19:10:01.746Z,9542.342283,imu,-0.526779,0.101069,-5.121078,,,,
2026-05-01T19:10:01.756Z,9542.352372,imu,0.199926,0.666753,-3.842945,,,,
2026-05-01T19:10:01.765Z,9542.362190,imu,0.887026,0.818678,-2.282953,,,,
2026-05-01T19:10:01.775Z,9542.372145,imu,1.382679,0.874672,-1.092259,,,,
2026-05-01T19:10:01.785Z,9542.382132,imu,1.635845,0.993206,-0.643931,,,,
2026-05-01T19:10:01.795Z,9542.392030,imu,1.625206,0.973919,-0.887190,,,,
2026-05-01T19:10:01.805Z,9542.402056,imu,1.259732,0.792287,-1.570633,,,,
2026-05-01T19:10:01.815Z,9542.412058,imu,0.637387,0.500383,-2.143520,,,,
2026-05-01T19:10:01.825Z,9542.421911,imu,0.091102,0.341532,-2.395464,,,,
2026-05-01T19:10:01.835Z,9542.431930,imu,-0.269573,0.296702,-2.274763,,,,
2026-05-01T19:10:01.845Z,9542.441860,imu,-0.481175,0.255467,-1.769511,,,,
2026-05-01T19:10:01.855Z,9542.451758,imu,-0.576853,0.237034,-0.983569,,,,
2026-05-01T19:10:01.865Z,9542.462135,imu,-0.560424,0.289482,-0.213510,,,,
2026-05-01T19:10:01.870Z,9542.467171,gps,,,,-15.745951,-47.850095,1.091506,4.288679
2026-05-01T19:10:01.875Z,9542.471907,imu,-0.485404,0.365371,0.446250,,,,
2026-05-01T19:10:01.885Z,9542.481493,imu,-0.416446,0.457984,1.093044,,,,
2026-05-01T19:10:01.895Z,9542.491513,imu,-0.393573,0.486187,1.711066,,,,
2026-05-01T19:10:01.905Z,9542.501469,imu,-0.385743,0.512360,2.280745,,,,
2026-05-01T19:10:01.915Z,9542.511441,imu,-0.369506,0.563704,2.718924,,,,
2026-05-01T19:10:01.925Z,9542.521391,imu,-0.429894,0.571613,3.111789,,,,
2026-05-01T19:10:01.935Z,9542.531382,imu,-0.479126,0.487342,3.301602,,,,
2026-05-01T19:10:01.944Z,9542.541254,imu,-0.478561,0.422928,3.265772,,,,
2026-05-01T19:10:01.954Z,9542.551218,imu,-0.504286,0.336093,3.038928,,,,
2026-05-01T19:10:01.964Z,9542.561238,imu,-0.587617,0.206956,2.852505,,,,
2026-05-01T19:10:01.974Z,9542.571202,imu,-0.716223,0.135487,2.546076,,,,
2026-05-01T19:10:01.984Z,9542.581176,imu,-0.789730,0.172209,2.095595,,,,
2026-05-01T19:10:01.994Z,9542.591044,imu,-0.782225,0.136676,1.846136,,,,
2026-05-01T19:10:02.004Z,9542.600956,imu,-0.703903,0.102156,1.771405,,,,
2026-05-01T19:10:02.014Z,9542.611018,imu,-0.551236,0.121150,1.941560,,,,
2026-05-01T19:10:02.024Z,9542.620873,imu,-0.300267,0.115898,2.301330,,,,
2026-05-01T19:10:02.034Z,9542.630831,imu,-0.000677,0.147639,2.585730,,,,
2026-05-01T19:10:02.044Z,9542.640919,imu,0.245039,0.249219,2.772789,,,,
2026-05-01T19:10:02.054Z,9542.650643,imu,0.382236,0.253742,2.907245,,,,
2026-05-01T19:10:02.064Z,9542.660722,imu,0.443284,0.104924,2.763047,,,,
2026-05-01T19:10:02.075Z,9542.671463,imu,0.408358,0.005524,2.385937,,,,
2026-05-01T19:10:02.084Z,9542.680568,imu,0.262140,0.053325,1.888147,,,,
2026-05-01T19:10:02.094Z,9542.690483,imu,0.024333,0.104785,1.305113,,,,
2026-05-01T19:10:02.104Z,9542.700585,imu,-0.271012,0.157253,0.713346,,,,
2026-05-01T19:10:02.114Z,9542.710443,imu,-0.522910,0.325503,0.219207,,,,
2026-05-01T19:10:02.124Z,9542.720379,imu,-0.735095,0.322639,-0.221836,,,,
2026-05-01T19:10:02.134Z,9542.730481,imu,-0.947031,0.087077,-0.795947,,,,
2026-05-01T19:10:02.143Z,9542.740237,imu,-1.156347,-0.046046,-1.532058,,,,
2026-05-01T19:10:02.153Z,9542.750193,imu,-1.275665,-0.253953,-2.219479,,,,
2026-05-01T19:10:02.164Z,9542.760384,imu,-1.355944,-0.555320,-2.683681,,,,
2026-05-01T19:10:02.174Z,9542.770524,imu,-1.469612,-0.777930,-2.917149,,,,
2026-05-01T19:10:02.183Z,9542.780026,imu,-1.453224,-0.914987,-2.919632,,,,
2026-05-01T19:10:02.193Z,9542.790119,imu,-1.229124,-0.755122,-2.696339,,,,
2026-05-01T19:10:02.203Z,9542.799879,imu,-1.044371,-0.501277,-2.401540,,,,
2026-05-01T19:10:02.213Z,9542.809929,imu,-0.881445,-0.009297,-1.749375,,,,
2026-05-01T19:10:02.223Z,9542.820004,imu,-0.645518,0.049646,-1.133059,,,,
2026-05-01T19:10:02.233Z,9542.829780,imu,-0.521950,-0.042276,-0.945663,,,,
2026-05-01T19:10:02.243Z,9542.839693,imu,-0.515428,0.184771,-0.917879,,,,
2026-05-01T19:10:02.253Z,9542.849859,imu,-0.552581,0.331974,-0.998453,,,,
2026-05-01T19:10:02.263Z,9542.859694,imu,-0.790602,0.092568,-1.208430,,,,
2026-05-01T19:10:02.273Z,9542.869612,imu,-1.281542,-0.161541,-1.659999,,,,
2026-05-01T19:10:02.283Z,9542.879691,imu,-1.696020,-0.232717,-2.359413,,,,
2026-05-01T19:10:02.293Z,9542.889457,imu,-2.017956,-0.361545,-3.263191,,,,
2026-05-01T19:10:02.303Z,9542.899397,imu,-2.344686,-0.464100,-4.114902,,,,
2026-05-01T19:10:02.313Z,9542.909530,imu,-2.486989,-0.389468,-4.710122,,,,
2026-05-01T19:10:02.323Z,9542.919350,imu,-2.405871,-0.113746,-4.875995,,,,
2026-05-01T19:10:02.332Z,9542.929259,imu,-2.247284,0.245781,-4.700604,,,,
2026-05-01T19:10:02.343Z,9542.939370,imu,-1.978693,0.447954,-4.103085,,,,
2026-05-01T19:10:02.352Z,9542.949249,imu,-1.765539,0.770245,-3.132647,,,,
2026-05-01T19:10:02.362Z,9542.959076,imu,-1.562421,1.173263,-2.031357,,,,
2026-05-01T19:10:02.373Z,9542.969320,imu,-1.349634,1.513989,-0.907402,,,,
2026-05-01T19:10:02.382Z,9542.979023,imu,-1.160249,1.713586,0.143838,,,,
2026-05-01T19:10:02.392Z,9542.988887,imu,-1.009581,1.842365,0.981360,,,,
2026-05-01T19:10:02.402Z,9542.999059,imu,-0.900944,1.790833,1.779109,,,,
2026-05-01T19:10:02.412Z,9543.008888,imu,-0.870202,1.680536,2.238095,,,,
2026-05-01T19:10:02.422Z,9543.018835,imu,-0.970804,1.491884,2.442228,,,,
2026-05-01T19:10:02.432Z,9543.028954,imu,-1.191183,1.239005,2.342329,,,,
2026-05-01T19:10:02.442Z,9543.038679,imu,-1.312048,1.078824,1.862403,,,,
2026-05-01T19:10:02.452Z,9543.048655,imu,-1.171318,1.038466,1.325389,,,,
2026-05-01T19:10:02.462Z,9543.058555,imu,-0.967533,0.972920,0.991571,,,,
2026-05-01T19:10:02.472Z,9543.068544,imu,-0.893541,0.792305,1.080346,,,,
2026-05-01T19:10:02.482Z,9543.078583,imu,-0.812658,0.709640,1.505384,,,,
2026-05-01T19:10:02.492Z,9543.088441,imu,-0.725381,0.703960,2.048110,,,,
2026-05-01T19:10:02.502Z,9543.098371,imu,-0.668653,0.696128,2.546422,,,,
2026-05-01T19:10:02.512Z,9543.108299,imu,-0.639384,0.608082,2.862843,,,,
2026-05-01T19:10:02.522Z,9543.118271,imu,-0.597149,0.458081,3.075728,,,,
2026-05-01T19:10:02.532Z,9543.128330,imu,-0.522981,0.392022,3.140172,,,,
2026-05-01T19:10:02.541Z,9543.138108,imu,-0.432622,0.415011,3.248181,,,,
2026-05-01T19:10:02.551Z,9543.148117,imu,-0.362285,0.345961,3.389249,,,,
2026-05-01T19:10:02.561Z,9543.158030,imu,-0.282673,0.247439,3.385392,,,,
2026-05-01T19:10:02.571Z,9543.167997,imu,-0.206033,0.224082,3.334489,,,,
2026-05-01T19:10:02.581Z,9543.177977,imu,-0.007091,0.268263,3.145735,,,,
2026-05-01T19:10:02.591Z,9543.187935,imu,0.251079,0.281788,2.938221,,,,
2026-05-01T19:10:02.601Z,9543.197841,imu,0.443819,0.258963,2.781606,,,,
2026-05-01T19:10:02.611Z,9543.207771,imu,0.563716,0.159273,2.615830,,,,
2026-05-01T19:10:02.621Z,9543.217735,imu,0.629673,-0.036001,2.281094,,,,
2026-05-01T19:10:02.631Z,9543.227716,imu,0.544429,-0.151797,2.021270,,,,
2026-05-01T19:10:02.641Z,9543.237695,imu,0.337484,-0.268411,1.809558,,,,
2026-05-01T19:10:02.651Z,9543.247649,imu,-0.053576,-0.425747,1.508315,,,,
2026-05-01T19:10:02.661Z,9543.257583,imu,-0.685897,-0.613267,1.200650,,,,
2026-05-01T19:10:02.671Z,9543.267531,imu,-1.413229,-0.799975,0.695956,,,,
2026-05-01T19:10:02.681Z,9543.277629,imu,-2.000407,-0.812253,0.070581,,,,
2026-05-01T19:10:02.691Z,9543.287339,imu,-2.257403,-0.647096,-0.513663,,,,
2026-05-01T19:10:02.701Z,9543.297364,imu,-2.195730,-0.558534,-0.945396,,,,
2026-05-01T19:10:02.711Z,9543.307295,imu,-1.857893,-0.578323,-1.230799,,,,
2026-05-01T19:10:02.721Z,9543.317282,imu,-1.506336,-0.639889,-1.470426,,,,
2026-05-01T19:10:02.730Z,9543.327104,imu,-1.115332,-0.607854,-1.603828,,,,
2026-05-01T19:10:02.741Z,9543.337374,imu,-0.732305,-0.563601,-1.762578,,,,
2026-05-01T19:10:02.750Z,9543.347073,imu,-0.509776,-0.649823,-1.910176,,,,
2026-05-01T19:10:02.760Z,9543.357016,imu,-0.401522,-0.780841,-2.003496,,,,
2026-05-01T19:10:02.770Z,9543.366993,imu,-0.268504,-0.612391,-2.006308,,,,
2026-05-01T19:10:02.780Z,9543.376998,imu,-0.123252,0.048505,-1.676547,,,,
2026-05-01T19:10:02.790Z,9543.387134,imu,0.049195,0.835087,-1.086419,,,,
2026-05-01T19:10:02.800Z,9543.396803,imu,0.281488,1.142427,-0.545672,,,,
2026-05-01T19:10:02.810Z,9543.406639,imu,0.297144,0.957423,-0.254321,,,,
2026-05-01T19:10:02.820Z,9543.416733,imu,-0.033539,0.657487,-0.174375,,,,
2026-05-01T19:10:02.830Z,9543.427074,imu,-0.407209,0.387615,-0.356008,,,,
2026-05-01T19:10:02.840Z,9543.437091,imu,-0.697198,0.093749,-0.807591,,,,
2026-05-01T19:10:02.850Z,9543.446687,imu,-0.966862,-0.242241,-1.461567,,,,
2026-05-01T19:10:02.860Z,9543.456547,imu,-1.305232,-0.522895,-2.308102,,,,
2026-05-01T19:10:02.872Z,9543.468903,imu,-1.564717,-0.651364,-3.348266,,,,
2026-05-01T19:10:02.875Z,9543.472179,gps,,,,-15.745933,-47.850098,0.847811,3.931475
2026-05-01T19:10:02.879Z,9543.476262,imu,-1.548038,-0.590174,-4.363302,,,,
2026-05-01T19:10:02.889Z,9543.486233,imu,-1.195383,-0.272001,-5.124768,,,,
2026-05-01T19:10:02.899Z,9543.496224,imu,-0.722344,0.119141,-5.571130,,,,
2026-05-01T19:10:02.909Z,9543.506072,imu,-0.305918,0.385428,-5.605622,,,,
2026-05-01T19:10:02.919Z,9543.516195,imu,0.176078,0.596463,-5.236890,,,,
2026-05-01T19:10:02.929Z,9543.525972,imu,0.652345,0.787930,-4.612978,,,,
2026-05-01T19:10:02.939Z,9543.536113,imu,0.970326,0.971881,-3.926278,,,,
2026-05-01T19:10:02.949Z,9543.545933,imu,1.138728,1.086482,-3.322752,,,,
2026-05-01T19:10:02.959Z,9543.555958,imu,1.136243,1.154257,-2.721816,,,,
2026-05-01T19:10:02.969Z,9543.565812,imu,1.022609,1.250921,-2.246873,,,,
2026-05-01T19:10:02.979Z,9543.575849,imu,0.893017,1.374582,-1.776310,,,,
2026-05-01T19:10:02.989Z,9543.585820,imu,0.785357,1.455846,-1.287958,,,,
2026-05-01T19:10:02.999Z,9543.595787,imu,0.700642,1.479033,-0.698779,,,,
2026-05-01T19:10:03.009Z,9543.605780,imu,0.663489,1.399625,0.046773,,,,
2026-05-01T19:10:03.019Z,9543.615578,imu,0.546796,1.286280,0.771557,,,,
2026-05-01T19:10:03.029Z,9543.625691,imu,0.356478,1.199835,1.421536,,,,
2026-05-01T19:10:03.039Z,9543.635580,imu,0.233255,1.107228,2.096927,,,,
2026-05-01T19:10:03.049Z,9543.645668,imu,0.127025,0.891986,2.750638,,,,
2026-05-01T19:10:03.059Z,9543.655366,imu,0.041355,0.723206,3.201132,,,,
2026-05-01T19:10:03.069Z,9543.665663,imu,0.002935,0.583194,3.619249,,,,
2026-05-01T19:10:03.079Z,9543.675268,imu,-0.047699,0.448135,3.851291,,,,
2026-05-01T19:10:03.089Z,9543.685691,imu,-0.126644,0.224935,3.908151,,,,
2026-05-01T19:10:03.099Z,9543.695281,imu,-0.184672,0.074517,3.741995,,,,
2026-05-01T19:10:03.109Z,9543.706165,imu,-0.264163,-0.035602,3.481888,,,,
2026-05-01T19:10:03.118Z,9543.715118,imu,-0.360078,-0.145011,3.175602,,,,
2026-05-01T19:10:03.129Z,9543.725407,imu,-0.445711,-0.255853,2.908122,,,,
2026-05-01T19:10:03.138Z,9543.735005,imu,-0.525776,-0.328470,2.745250,,,,
2026-05-01T19:10:03.149Z,9543.745426,imu,-0.576451,-0.323954,2.709248,,,,
2026-05-01T19:10:03.158Z,9543.754914,imu,-0.647414,-0.242831,2.694715,,,,
2026-05-01T19:10:03.168Z,9543.765256,imu,-0.648622,-0.117682,2.640446,,,,
2026-05-01T19:10:03.178Z,9543.774802,imu,-0.673068,0.002586,2.502410,,,,
2026-05-01T19:10:03.188Z,9543.785243,imu,-0.745304,0.089927,2.238961,,,,
2026-05-01T19:10:03.198Z,9543.794722,imu,-0.868530,0.172900,1.865076,,,,
2026-05-01T19:10:03.208Z,9543.805064,imu,-0.913373,0.284333,1.389815,,,,
2026-05-01T19:10:03.218Z,9543.814634,imu,-0.824777,0.349829,0.827050,,,,
2026-05-01T19:10:03.228Z,9543.824945,imu,-0.676362,0.372674,0.256530,,,,
2026-05-01T19:10:03.238Z,9543.834516,imu,-0.537434,0.396322,-0.239328,,,,
2026-05-01T19:10:03.249Z,9543.845303,imu,-0.459973,0.535598,-0.602812,,,,
2026-05-01T19:10:03.258Z,9543.854532,imu,-0.357882,0.640195,-0.802065,,,,
2026-05-01T19:10:03.268Z,9543.864710,imu,-0.167702,0.799931,-0.881500,,,,
2026-05-01T19:10:03.278Z,9543.874452,imu,-0.105373,1.087898,-0.834448,,,,
2026-05-01T19:10:03.288Z,9543.884596,imu,-0.192277,1.233491,-0.786899,,,,
2026-05-01T19:10:03.297Z,9543.894244,imu,-0.325443,1.134120,-0.814625,,,,
2026-05-01T19:10:03.308Z,9543.904685,imu,-0.497939,0.962315,-0.911476,,,,
2026-05-01T19:10:03.317Z,9543.914083,imu,-0.694296,0.788534,-1.172775,,,,
2026-05-01T19:10:03.327Z,9543.924097,imu,-0.997880,0.547996,-1.498476,,,,
2026-05-01T19:10:03.337Z,9543.934218,imu,-1.369844,0.310631,-1.780654,,,,
2026-05-01T19:10:03.347Z,9543.944025,imu,-1.655518,0.272927,-1.994707,,,,
2026-05-01T19:10:03.357Z,9543.953906,imu,-1.762905,0.493336,-2.028883,,,,
2026-05-01T19:10:03.367Z,9543.964055,imu,-1.681274,0.725284,-1.790737,,,,
2026-05-01T19:10:03.377Z,9543.973804,imu,-1.512530,0.754133,-1.325833,,,,
2026-05-01T19:10:03.387Z,9543.983785,imu,-1.347069,0.758161,-0.934874,,,,
2026-05-01T19:10:03.397Z,9543.993976,imu,-1.321299,0.747077,-0.716987,,,,
2026-05-01T19:10:03.407Z,9544.004079,imu,-1.494781,0.408178,-0.892411,,,,
2026-05-01T19:10:03.417Z,9544.013479,imu,-1.857541,-0.212409,-1.722985,,,,
2026-05-01T19:10:03.427Z,9544.023743,imu,-2.232106,-0.654800,-3.277112,,,,
2026-05-01T19:10:03.437Z,9544.033461,imu,-2.610561,-0.880694,-4.901513,,,,
2026-05-01T19:10:03.447Z,9544.043566,imu,-2.879021,-1.008607,-6.387161,,,,
2026-05-01T19:10:03.457Z,9544.054121,imu,-2.938651,-1.134337,-7.067966,,,,
2026-05-01T19:10:03.467Z,9544.063348,imu,-2.936446,-0.988481,-6.871388,,,,
2026-05-01T19:10:03.477Z,9544.073289,imu,-2.517813,-0.573254,-5.887293,,,,
2026-05-01T19:10:03.487Z,9544.083386,imu,-1.623386,-0.110314,-4.275498,,,,
2026-05-01T19:10:03.497Z,9544.093289,imu,-0.795623,0.442141,-2.410864,,,,
2026-05-01T19:10:03.506Z,9544.103141,imu,-0.106282,0.815066,-0.675602,,,,
2026-05-01T19:10:03.516Z,9544.113211,imu,0.432764,0.921777,0.905944,,,,
2026-05-01T19:10:03.526Z,9544.123024,imu,0.683312,0.968102,2.016268,,,,
2026-05-01T19:10:03.536Z,9544.132927,imu,0.701701,0.933955,2.650894,,,,
2026-05-01T19:10:03.546Z,9544.143131,imu,0.587843,0.828886,2.808272,,,,
2026-05-01T19:10:03.556Z,9544.152916,imu,0.293345,0.580369,2.571692,,,,
2026-05-01T19:10:03.566Z,9544.162823,imu,-0.169814,0.249326,2.172321,,,,
2026-05-01T19:10:03.576Z,9544.172912,imu,-0.661702,-0.066783,1.683652,,,,
2026-05-01T19:10:03.586Z,9544.182695,imu,-1.039478,-0.313161,1.344440,,,,
2026-05-01T19:10:03.596Z,9544.192644,imu,-1.292570,-0.525553,1.379821,,,,
2026-05-01T19:10:03.606Z,9544.202820,imu,-1.404030,-0.637200,1.709711,,,,
2026-05-01T19:10:03.616Z,9544.212562,imu,-1.298261,-0.662953,2.236596,,,,
2026-05-01T19:10:03.626Z,9544.222511,imu,-1.119193,-0.588608,2.862715,,,,
2026-05-01T19:10:03.636Z,9544.232608,imu,-0.932253,-0.463735,3.461499,,,,
2026-05-01T19:10:03.646Z,9544.242371,imu,-0.790052,-0.303710,3.977836,,,,
2026-05-01T19:10:03.656Z,9544.252399,imu,-0.747439,-0.208366,4.307116,,,,
2026-05-01T19:10:03.666Z,9544.262408,imu,-0.812263,-0.228762,4.400616,,,,
2026-05-01T19:10:03.675Z,9544.272241,imu,-0.934232,-0.191563,4.348962,,,,
2026-05-01T19:10:03.685Z,9544.282207,imu,-1.012287,-0.152397,4.191190,,,,
2026-05-01T19:10:03.695Z,9544.292247,imu,-0.974764,-0.217132,3.919161,,,,
2026-05-01T19:10:03.705Z,9544.302157,imu,-0.796896,-0.199137,3.558650,,,,
2026-05-01T19:10:03.715Z,9544.312014,imu,-0.554568,-0.121677,3.270941,,,,
2026-05-01T19:10:03.725Z,9544.322149,imu,-0.415787,-0.088723,3.143561,,,,
2026-05-01T19:10:03.735Z,9544.331941,imu,-0.279981,-0.078821,3.087035,,,,
2026-05-01T19:10:03.745Z,9544.341850,imu,-0.251977,-0.067127,2.933463,,,,
2026-05-01T19:10:03.755Z,9544.352062,imu,-0.337853,-0.059284,2.654961,,,,
2026-05-01T19:10:03.765Z,9544.361848,imu,-0.445708,-0.026893,2.390972,,,,
2026-05-01T19:10:03.775Z,9544.371707,imu,-0.580036,-0.039556,2.041646,,,,
2026-05-01T19:10:03.785Z,9544.381843,imu,-0.686206,-0.089267,1.722897,,,,
2026-05-01T19:10:03.795Z,9544.391602,imu,-0.702506,-0.231249,1.404023,,,,
2026-05-01T19:10:03.805Z,9544.401592,imu,-0.708822,-0.419406,1.169247,,,,
2026-05-01T19:10:03.815Z,9544.411619,imu,-0.745814,-0.604961,1.032686,,,,
2026-05-01T19:10:03.825Z,9544.421518,imu,-0.801388,-0.761369,0.850410,,,,
2026-05-01T19:10:03.835Z,9544.431635,imu,-0.903828,-0.830654,0.500277,,,,
2026-05-01T19:10:03.845Z,9544.441363,imu,-1.031397,-0.820264,0.194066,,,,
2026-05-01T19:10:03.855Z,9544.451316,imu,-1.131719,-0.896591,-0.076402,,,,
2026-05-01T19:10:03.865Z,9544.461414,imu,-1.137570,-0.975189,-0.387377,,,,
2026-05-01T19:10:03.874Z,9544.471155,imu,-0.897141,-0.982782,-0.847756,,,,
2026-05-01T19:10:03.884Z,9544.481161,imu,-0.409531,-0.906017,-1.403591,,,,
2026-05-01T19:10:03.894Z,9544.491085,imu,0.093372,-0.789458,-1.826700,,,,
2026-05-01T19:10:03.904Z,9544.501220,imu,0.609433,-0.640471,-2.097084,,,,
2026-05-01T19:10:03.914Z,9544.510944,imu,1.037299,-0.401662,-2.335837,,,,
2026-05-01T19:10:03.924Z,9544.520981,imu,1.138082,-0.278658,-2.304573,,,,
2026-05-01T19:10:03.934Z,9544.530857,imu,0.779538,-0.425375,-2.013713,,,,
2026-05-01T19:10:03.944Z,9544.540855,imu,0.045895,-0.631093,-1.753168,,,,
2026-05-01T19:10:03.954Z,9544.550784,imu,-0.632333,-0.693356,-1.827685,,,,
2026-05-01T19:10:03.964Z,9544.560691,imu,-1.167231,-0.677006,-1.995163,,,,
2026-05-01T19:10:03.974Z,9544.570585,imu,-1.627466,-0.671121,-2.127868,,,,
2026-05-01T19:10:03.984Z,9544.580636,imu,-1.884934,-0.747120,-2.309580,,,,
2026-05-01T19:10:03.994Z,9544.590577,imu,-1.709078,-0.756962,-2.662009,,,,
2026-05-01T19:10:04.004Z,9544.600457,imu,-1.178833,-0.416819,-3.110726,,,,
2026-05-01T19:10:04.014Z,9544.610598,imu,-0.583446,-0.005508,-3.406865,,,,
2026-05-01T19:10:04.024Z,9544.620797,imu,0.110224,0.163199,-3.424003,,,,
2026-05-01T19:10:04.034Z,9544.630433,imu,0.744497,0.420229,-3.231552,,,,
2026-05-01T19:10:04.044Z,9544.640447,imu,1.128109,0.770870,-2.872798,,,,
2026-05-01T19:10:04.053Z,9544.650250,imu,1.287439,0.984593,-2.419200,,,,
2026-05-01T19:10:04.064Z,9544.660615,imu,1.153952,1.004503,-1.922380,,,,
2026-05-01T19:10:04.074Z,9544.670513,gps,,,,-15.745907,-47.850093,0.921981,3.398903
2026-05-01T19:10:04.074Z,9544.670654,imu,0.757132,0.931607,-1.564266,,,,
2026-05-01T19:10:04.083Z,9544.679961,imu,0.222227,0.752708,-1.260507,,,,
2026-05-01T19:10:04.093Z,9544.689903,imu,-0.196551,0.604921,-0.946148,,,,
2026-05-01T19:10:04.103Z,9544.699999,imu,-0.500533,0.586264,-0.684806,,,,
2026-05-01T19:10:04.113Z,9544.710045,imu,-0.759072,0.547007,-0.416412,,,,
2026-05-01T19:10:04.124Z,9544.720733,imu,-0.968274,0.421068,-0.025882,,,,
2026-05-01T19:10:04.133Z,9544.729864,imu,-1.089074,0.290703,0.443608,,,,
2026-05-01T19:10:04.143Z,9544.739751,imu,-1.089685,0.235493,0.925632,,,,
2026-05-01T19:10:04.153Z,9544.749726,imu,-0.982247,0.254864,1.392825,,,,
2026-05-01T19:10:04.163Z,9544.759669,imu,-0.839265,0.344757,1.821698,,,,
2026-05-01T19:10:04.173Z,9544.769714,imu,-0.704767,0.503243,2.272263,,,,
2026-05-01T19:10:04.183Z,9544.779625,imu,-0.575269,0.567703,2.713697,,,,
2026-05-01T19:10:04.193Z,9544.789585,imu,-0.457398,0.530520,3.137391,,,,
2026-05-01T19:10:04.203Z,9544.799495,imu,-0.384809,0.475103,3.423382,,,,
2026-05-01T19:10:04.213Z,9544.809423,imu,-0.349661,0.434341,3.592200,,,,
2026-05-01T19:10:04.223Z,9544.820025,imu,-0.363903,0.374382,3.678064,,,,
2026-05-01T19:10:04.233Z,9544.829305,imu,-0.437025,0.260227,3.701535,,,,
2026-05-01T19:10:04.243Z,9544.839280,imu,-0.568109,0.085707,3.707949,,,,
2026-05-01T19:10:04.252Z,9544.849197,imu,-0.699999,-0.076950,3.650928,,,,
2026-05-01T19:10:04.262Z,9544.859197,imu,-0.828597,-0.212009,3.606706,,,,
2026-05-01T19:10:04.272Z,9544.869185,imu,-0.871863,-0.286705,3.527804,,,,
2026-05-01T19:10:04.282Z,9544.879139,imu,-0.773510,-0.250125,3.365929,,,,
2026-05-01T19:10:04.292Z,9544.889054,imu,-0.578591,-0.182912,3.047410,,,,
2026-05-01T19:10:04.302Z,9544.898948,imu,-0.433848,-0.100864,2.618604,,,,
2026-05-01T19:10:04.312Z,9544.908846,imu,-0.299515,-0.022848,2.192720,,,,
2026-05-01T19:10:04.322Z,9544.918940,imu,-0.111451,0.058211,1.701835,,,,
2026-05-01T19:10:04.332Z,9544.928870,imu,-0.043505,0.078776,1.183781,,,,
2026-05-01T19:10:04.342Z,9544.938748,imu,-0.085036,-0.024653,0.730128,,,,
2026-05-01T19:10:04.352Z,9544.948655,imu,-0.104260,-0.244453,0.409906,,,,
2026-05-01T19:10:04.362Z,9544.958639,imu,-0.165178,-0.453092,0.018740,,,,
2026-05-01T19:10:04.373Z,9544.969310,imu,-0.263411,-0.559597,-0.327221,,,,
2026-05-01T19:10:04.382Z,9544.978575,imu,-0.268213,-0.503722,-0.550455,,,,
2026-05-01T19:10:04.392Z,9544.988493,imu,-0.169075,-0.329220,-0.581729,,,,
2026-05-01T19:10:04.402Z,9544.998445,imu,-0.101843,-0.075600,-0.465368,,,,
2026-05-01T19:10:04.412Z,9545.008352,imu,0.002231,0.174029,-0.325220,,,,
2026-05-01T19:10:04.422Z,9545.018364,imu,0.176258,0.315841,-0.200241,,,,
2026-05-01T19:10:04.432Z,9545.028400,imu,0.324278,0.333967,-0.178156,,,,
2026-05-01T19:10:04.441Z,9545.038260,imu,0.338674,0.304544,-0.324552,,,,
2026-05-01T19:10:04.451Z,9545.048158,imu,0.281299,0.299016,-0.550254,,,,
2026-05-01T19:10:04.461Z,9545.058125,imu,0.179952,0.263774,-0.867620,,,,
2026-05-01T19:10:04.471Z,9545.068082,imu,0.029169,0.195950,-1.126163,,,,
2026-05-01T19:10:04.482Z,9545.078499,imu,-0.070643,0.230002,-1.218095,,,,
2026-05-01T19:10:04.491Z,9545.087978,imu,-0.034401,0.237846,-1.149002,,,,
2026-05-01T19:10:04.501Z,9545.097956,imu,0.128438,0.164775,-1.118017,,,,
2026-05-01T19:10:04.511Z,9545.108007,imu,0.411989,0.111145,-1.308529,,,,
2026-05-01T19:10:04.521Z,9545.117798,imu,0.649323,0.169185,-1.767801,,,,
2026-05-01T19:10:04.531Z,9545.127815,imu,0.818503,0.150243,-2.394138,,,,
2026-05-01T19:10:04.541Z,9545.137882,imu,0.874832,-0.173279,-3.175401,,,,
2026-05-01T19:10:04.551Z,9545.147638,imu,0.691237,-0.534088,-4.158820,,,,
2026-05-01T19:10:04.561Z,9545.157658,imu,0.219256,-0.806671,-5.334937,,,,
2026-05-01T19:10:04.571Z,9545.167723,imu,-0.394713,-1.034377,-6.024075,,,,
2026-05-01T19:10:04.581Z,9545.177529,imu,-1.023802,-1.206413,-6.122345,,,,
2026-05-01T19:10:04.591Z,9545.187485,imu,-1.418604,-1.277411,-5.571620,,,,
2026-05-01T19:10:04.601Z,9545.197559,imu,-1.557331,-1.103037,-4.539017,,,,
2026-05-01T19:10:04.611Z,9545.207344,imu,-1.595309,-0.858913,-3.061331,,,,
2026-05-01T19:10:04.620Z,9545.217254,imu,-1.495297,-0.536749,-1.461478,,,,
2026-05-01T19:10:04.631Z,9545.227576,imu,-1.257185,-0.146683,-0.059415,,,,
2026-05-01T19:10:04.640Z,9545.237246,imu,-0.968212,0.122780,1.023765,,,,
2026-05-01T19:10:04.650Z,9545.247145,imu,-0.785280,0.217569,1.730109,,,,
2026-05-01T19:10:04.661Z,9545.257332,imu,-0.525788,0.300800,1.990377,,,,
2026-05-01T19:10:04.671Z,9545.267293,imu,-0.214858,0.376688,1.614915,,,,
2026-05-01T19:10:04.680Z,9545.277059,imu,-0.098880,0.435094,0.773887,,,,
2026-05-01T19:10:04.691Z,9545.287695,imu,-0.175320,0.369375,-0.153127,,,,
2026-05-01T19:10:04.700Z,9545.296957,imu,-0.253824,0.293374,-0.863183,,,,
2026-05-01T19:10:04.710Z,9545.306823,imu,-0.306129,0.295185,-1.211067,,,,
2026-05-01T19:10:04.720Z,9545.316995,imu,-0.382217,0.324675,-1.155098,,,,
2026-05-01T19:10:04.730Z,9545.326794,imu,-0.393901,0.309859,-0.628753,,,,
2026-05-01T19:10:04.740Z,9545.336690,imu,-0.264147,0.299877,0.304660,,,,
2026-05-01T19:10:04.750Z,9545.346892,imu,-0.021141,0.378101,1.384223,,,,
2026-05-01T19:10:04.760Z,9545.356441,imu,0.277138,0.411371,2.396741,,,,
2026-05-01T19:10:04.770Z,9545.366396,imu,0.559516,0.397816,3.231581,,,,
2026-05-01T19:10:04.780Z,9545.376732,imu,0.773990,0.298640,3.804693,,,,
2026-05-01T19:10:04.790Z,9545.386354,imu,0.927618,0.127511,4.012660,,,,
2026-05-01T19:10:04.800Z,9545.396401,imu,0.946958,0.023535,3.919931,,,,
2026-05-01T19:10:04.810Z,9545.406328,imu,0.901315,-0.033231,3.800817,,,,
2026-05-01T19:10:04.819Z,9545.416260,imu,0.755029,-0.192192,3.519261,,,,
2026-05-01T19:10:04.829Z,9545.426053,imu,0.445062,-0.335027,3.173385,,,,
2026-05-01T19:10:04.840Z,9545.436337,imu,0.126027,-0.355063,3.011331,,,,
2026-05-01T19:10:04.849Z,9545.446001,imu,-0.059574,-0.381351,2.936317,,,,
2026-05-01T19:10:04.859Z,9545.456068,imu,-0.158070,-0.415860,3.039632,,,,
2026-05-01T19:10:04.870Z,9545.466286,imu,-0.186601,-0.456632,3.244579,,,,
2026-05-01T19:10:04.879Z,9545.475936,imu,-0.094546,-0.469197,3.444494,,,,
2026-05-01T19:10:04.889Z,9545.485826,imu,0.116827,-0.460316,3.473064,,,,
2026-05-01T19:10:04.899Z,9545.495971,imu,0.299857,-0.461166,3.332947,,,,
2026-05-01T19:10:04.909Z,9545.505567,imu,0.381314,-0.477819,2.977480,,,,
2026-05-01T19:10:04.919Z,9545.515980,imu,0.448606,-0.535146,2.430682,,,,
2026-05-01T19:10:04.929Z,9545.525988,imu,0.488373,-0.567713,1.803494,,,,
2026-05-01T19:10:04.939Z,9545.535634,imu,0.477359,-0.547982,1.148804,,,,
2026-05-01T19:10:04.949Z,9545.545732,imu,0.457436,-0.600486,0.581809,,,,
2026-05-01T19:10:04.959Z,9545.555696,imu,0.494486,-0.728386,0.168313,,,,
2026-05-01T19:10:04.969Z,9545.565770,imu,0.525806,-0.813194,-0.121795,,,,
2026-05-01T19:10:04.979Z,9545.575415,imu,0.534543,-0.820421,-0.401203,,,,
2026-05-01T19:10:04.989Z,9545.585929,imu,0.569672,-0.814556,-0.810961,,,,
2026-05-01T19:10:04.999Z,9545.595430,imu,0.592390,-0.788238,-1.228591,,,,
2026-05-01T19:10:05.009Z,9545.605657,imu,0.574440,-0.621869,-1.667260,,,,
2026-05-01T19:10:05.019Z,9545.615381,imu,0.661702,-0.369667,-2.046212,,,,
2026-05-01T19:10:05.029Z,9545.625543,imu,0.846504,-0.013093,-2.250990,,,,
2026-05-01T19:10:05.039Z,9545.635340,imu,1.069601,0.372365,-2.323430,,,,
2026-05-01T19:10:05.049Z,9545.645932,imu,1.169149,0.671292,-2.174110,,,,
2026-05-01T19:10:05.058Z,9545.654988,imu,1.076282,0.764196,-1.846003,,,,
2026-05-01T19:10:05.069Z,9545.665336,imu,0.654978,0.635397,-1.651817,,,,
2026-05-01T19:10:05.078Z,9545.674955,gps,,,,-15.745894,-47.850082,1.172908,3.201020
2026-05-01T19:10:05.078Z,9545.675038,imu,0.140215,0.356647,-1.820102,,,,
2026-05-01T19:10:05.088Z,9545.685158,imu,-0.284055,0.084755,-2.375626,,,,
2026-05-01T19:10:05.098Z,9545.694765,imu,-0.640993,-0.092886,-3.258965,,,,
2026-05-01T19:10:05.108Z,9545.705256,imu,-0.939670,-0.337810,-4.066173,,,,
2026-05-01T19:10:05.118Z,9545.714677,imu,-1.030466,-0.555539,-4.733908,,,,
2026-05-01T19:10:05.128Z,9545.724932,imu,-0.781434,-0.795421,-4.842832,,,,
2026-05-01T19:10:05.138Z,9545.734982,imu,-0.419183,-0.829245,-4.635471,,,,
2026-05-01T19:10:05.148Z,9545.745009,imu,-0.034683,-0.531938,-4.040889,,,,
2026-05-01T19:10:05.158Z,9545.754508,imu,0.285613,-0.218986,-3.180367,,,,
2026-05-01T19:10:05.168Z,9545.764793,imu,0.487512,-0.203456,-2.304390,,,,
2026-05-01T19:10:05.178Z,9545.774373,imu,0.565714,-0.192439,-1.693821,,,,
2026-05-01T19:10:05.188Z,9545.784659,imu,0.601204,-0.034005,-1.274069,,,,
2026-05-01T19:10:05.198Z,9545.794272,imu,0.443606,0.122503,-1.039164,,,,
2026-05-01T19:10:05.207Z,9545.804144,imu,0.061260,0.159927,-0.729391,,,,
2026-05-01T19:10:05.217Z,9545.814178,imu,-0.313562,0.140374,-0.222610,,,,
2026-05-01T19:10:05.227Z,9545.824108,imu,-0.589751,0.150829,0.324661,,,,
2026-05-01T19:10:05.237Z,9545.834074,imu,-0.800397,0.208841,0.813720,,,,
2026-05-01T19:10:05.247Z,9545.844050,imu,-0.911433,0.219328,1.154918,,,,
2026-05-01T19:10:05.257Z,9545.853977,imu,-0.848915,0.188827,1.352887,,,,
2026-05-01T19:10:05.267Z,9545.863947,imu,-0.646618,0.140885,1.401385,,,,
2026-05-01T19:10:05.277Z,9545.873844,imu,-0.296637,0.124191,1.200187,,,,
2026-05-01T19:10:05.287Z,9545.883779,imu,0.166995,0.272561,0.807309,,,,
2026-05-01T19:10:05.297Z,9545.893836,imu,0.684729,0.432762,0.430522,,,,
2026-05-01T19:10:05.307Z,9545.904085,imu,1.236052,0.531362,0.066503,,,,
2026-05-01T19:10:05.317Z,9545.913683,imu,1.652723,0.659051,-0.102696,,,,
2026-05-01T19:10:05.327Z,9545.923568,imu,1.888835,0.789500,0.114612,,,,
2026-05-01T19:10:05.337Z,9545.933416,imu,2.017993,0.830860,0.589055,,,,
2026-05-01T19:10:05.347Z,9545.943510,imu,1.996524,0.888314,1.231541,,,,
2026-05-01T19:10:05.357Z,9545.954032,imu,1.860018,0.968371,1.888666,,,,
2026-05-01T19:10:05.367Z,9545.963367,imu,1.639510,0.959293,2.417878,,,,
2026-05-01T19:10:05.377Z,9545.973449,imu,1.351438,0.781087,2.825667,,,,
2026-05-01T19:10:05.387Z,9545.983306,imu,1.077155,0.559203,3.108525,,,,
2026-05-01T19:10:05.397Z,9545.993472,imu,0.852847,0.333160,3.161364,,,,
2026-05-01T19:10:05.406Z,9546.003260,imu,0.615280,0.234891,2.969258,,,,
2026-05-01T19:10:05.417Z,9546.013203,imu,0.344965,0.189743,2.669422,,,,
2026-05-01T19:10:05.426Z,9546.023077,imu,0.117416,0.111889,2.309350,,,,
2026-05-01T19:10:05.436Z,9546.032901,imu,-0.076027,0.037098,1.917718,,,,
2026-05-01T19:10:05.446Z,9546.042854,imu,-0.221108,0.057044,1.591502,,,,
2026-05-01T19:10:05.456Z,9546.053011,imu,-0.232557,0.132859,1.272904,,,,
2026-05-01T19:10:05.466Z,9546.062903,imu,-0.141900,0.243095,1.136540,,,,
2026-05-01T19:10:05.476Z,9546.072826,imu,0.015010,0.273445,1.197595,,,,
2026-05-01T19:10:05.486Z,9546.082747,imu,0.138404,0.269821,1.360711,,,,
2026-05-01T19:10:05.496Z,9546.092817,imu,0.249768,0.311985,1.478182,,,,
2026-05-01T19:10:05.506Z,9546.102715,imu,0.286349,0.343868,1.389874,,,,
2026-05-01T19:10:05.516Z,9546.112666,imu,0.206965,0.337110,1.138338,,,,
2026-05-01T19:10:05.526Z,9546.122556,imu,0.078744,0.322032,0.563844,,,,
2026-05-01T19:10:05.536Z,9546.132492,imu,-0.123991,0.457640,-0.195243,,,,
2026-05-01T19:10:05.546Z,9546.142443,imu,-0.332017,0.630018,-0.838739,,,,
2026-05-01T19:10:05.556Z,9546.152452,imu,-0.407168,0.621000,-1.303024,,,,
2026-05-01T19:10:05.566Z,9546.162373,imu,-0.345335,0.669692,-1.671310,,,,
2026-05-01T19:10:05.576Z,9546.172305,imu,-0.163198,0.794377,-2.035621,,,,
2026-05-01T19:10:05.585Z,9546.182235,imu,0.072086,0.825953,-2.294541,,,,
2026-05-01T19:10:05.595Z,9546.192176,imu,0.256445,0.768438,-2.384200,,,,
2026-05-01T19:10:05.605Z,9546.202149,imu,0.308296,0.759590,-2.287909,,,,
2026-05-01T19:10:05.615Z,9546.212162,imu,0.310675,0.817622,-1.992719,,,,
2026-05-01T19:10:05.625Z,9546.222043,imu,0.191424,0.871096,-1.472841,,,,
2026-05-01T19:10:05.635Z,9546.232059,imu,0.043080,1.010936,-0.669876,,,,
2026-05-01T19:10:05.645Z,9546.241914,imu,-0.010937,1.040864,0.257144,,,,
2026-05-01T19:10:05.655Z,9546.251874,imu,0.029431,1.001029,0.998393,,,,
2026-05-01T19:10:05.665Z,9546.261925,imu,0.070872,0.966194,1.559656,,,,
2026-05-01T19:10:05.675Z,9546.271821,imu,0.058798,1.016272,1.846198,,,,
2026-05-01T19:10:05.685Z,9546.281709,imu,0.011934,1.046237,1.835951,,,,
2026-05-01T19:10:05.695Z,9546.291693,imu,-0.196994,0.845783,1.589437,,,,
2026-05-01T19:10:05.705Z,9546.301595,imu,-0.637313,0.517746,1.027076,,,,
2026-05-01T19:10:05.715Z,9546.311762,imu,-1.068091,0.168906,0.260881,,,,
2026-05-01T19:10:05.725Z,9546.321513,imu,-1.392029,-0.153706,-0.712331,,,,
2026-05-01T19:10:05.735Z,9546.331478,imu,-1.683937,-0.386600,-1.725330,,,,
2026-05-01T19:10:05.745Z,9546.341396,imu,-1.912808,-0.489864,-2.706291,,,,
2026-05-01T19:10:05.755Z,9546.351388,imu,-1.962936,-0.441312,-3.356504,,,,
2026-05-01T19:10:05.765Z,9546.361368,imu,-1.878852,-0.195145,-3.650066,,,,
2026-05-01T19:10:05.775Z,9546.371271,imu,-1.632934,0.130185,-3.424479,,,,
2026-05-01T19:10:05.784Z,9546.381209,imu,-1.350220,0.444268,-2.605917,,,,
2026-05-01T19:10:05.794Z,9546.391154,imu,-1.029348,0.716831,-1.505670,,,,
2026-05-01T19:10:05.804Z,9546.401068,imu,-0.664361,0.982738,-0.418388,,,,
2026-05-01T19:10:05.814Z,9546.411057,imu,-0.268928,1.240341,0.443784,,,,
2026-05-01T19:10:05.824Z,9546.421033,imu,0.046648,1.402182,1.014036,,,,
2026-05-01T19:10:05.834Z,9546.430952,imu,0.136622,1.355865,1.278224,,,,
2026-05-01T19:10:05.844Z,9546.440871,imu,-0.028995,1.134983,1.299983,,,,
2026-05-01T19:10:05.854Z,9546.450835,imu,-0.361419,0.828358,0.999997,,,,
2026-05-01T19:10:05.864Z,9546.460773,imu,-0.722501,0.475035,0.544313,,,,
2026-05-01T19:10:05.874Z,9546.470641,imu,-1.038534,0.191560,0.087847,,,,
2026-05-01T19:10:05.884Z,9546.480639,imu,-1.275838,-0.063595,-0.125306,,,,
2026-05-01T19:10:05.894Z,9546.490814,imu,-1.433733,-0.310244,-0.026806,,,,
2026-05-01T19:10:05.904Z,9546.500580,imu,-1.477431,-0.475143,0.413683,,,,
2026-05-01T19:10:05.914Z,9546.510502,imu,-1.429403,-0.539577,1.055972,,,,
2026-05-01T19:10:05.924Z,9546.520772,imu,-1.358749,-0.547977,1.753783,,,,
2026-05-01T19:10:05.934Z,9546.530713,imu,-1.288606,-0.608978,2.348020,,,,
2026-05-01T19:10:05.943Z,9546.540245,imu,-1.242247,-0.701817,2.745696,,,,
2026-05-01T19:10:05.954Z,9546.550460,imu,-1.241078,-0.757264,2.945211,,,,
2026-05-01T19:10:05.964Z,9546.560336,imu,-1.207875,-0.812547,3.013868,,,,
2026-05-01T19:10:05.973Z,9546.570147,imu,-1.103381,-0.846566,3.000407,,,,
2026-05-01T19:10:05.984Z,9546.580286,imu,-0.930074,-0.817400,3.003729,,,,
2026-05-01T19:10:05.993Z,9546.590082,imu,-0.747499,-0.750323,3.007065,,,,
2026-05-01T19:10:06.003Z,9546.600076,imu,-0.598684,-0.668365,3.067169,,,,
2026-05-01T19:10:06.013Z,9546.610207,imu,-0.447049,-0.569805,3.193967,,,,
2026-05-01T19:10:06.023Z,9546.619984,imu,-0.253073,-0.452702,3.280441,,,,
2026-05-01T19:10:06.033Z,9546.630051,imu,-0.074310,-0.346181,3.335340,,,,
2026-05-01T19:10:06.043Z,9546.640194,imu,0.097641,-0.285493,3.298451,,,,
2026-05-01T19:10:06.053Z,9546.649893,imu,0.221973,-0.257157,3.142304,,,,
2026-05-01T19:10:06.064Z,9546.660263,imu,0.261440,-0.336152,2.801085,,,,
2026-05-01T19:10:06.073Z,9546.670120,imu,0.203027,-0.431320,2.331150,,,,
2026-05-01T19:10:06.080Z,9546.676957,gps,,,,-15.745883,-47.850076,1.049325,3.137240
2026-05-01T19:10:06.083Z,9546.679944,imu,0.114163,-0.523668,1.732084,,,,
2026-05-01T19:10:06.093Z,9546.689632,imu,0.042765,-0.645675,1.117428,,,,
2026-05-01T19:10:06.103Z,9546.699745,imu,-0.011022,-0.683911,0.603175,,,,
2026-05-01T19:10:06.113Z,9546.709401,imu,-0.025731,-0.664622,0.264358,,,,
2026-05-01T19:10:06.123Z,9546.719379,imu,-0.058009,-0.682167,0.095493,,,,
2026-05-01T19:10:06.133Z,9546.730194,imu,-0.071259,-0.684868,-0.001579,,,,
2026-05-01T19:10:06.142Z,9546.739260,imu,-0.041046,-0.688881,-0.139929,,,,
2026-05-01T19:10:06.152Z,9546.749191,imu,0.102609,-0.740471,-0.434496,,,,
2026-05-01T19:10:06.163Z,9546.759342,imu,0.211995,-0.732997,-0.891246,,,,
2026-05-01T19:10:06.172Z,9546.769122,imu,0.350483,-0.832489,-1.312357,,,,
2026-05-01T19:10:06.182Z,9546.779080,imu,0.460105,-1.083433,-1.668972,,,,
2026-05-01T19:10:06.193Z,9546.789346,imu,0.429114,-1.376278,-2.038757,,,,
2026-05-01T19:10:06.202Z,9546.798969,imu,0.200301,-1.424254,-2.332034,,,,
2026-05-01T19:10:06.212Z,9546.809032,imu,-0.204541,-1.135519,-2.409034,,,,
2026-05-01T19:10:06.222Z,9546.819111,imu,-0.630708,-0.628487,-1.939656,,,,
2026-05-01T19:10:06.232Z,9546.828867,imu,-0.756869,-0.089168,-1.210547,,,,
2026-05-01T19:10:06.242Z,9546.838771,imu,-0.644238,0.118726,-0.504020,,,,
2026-05-01T19:10:06.252Z,9546.848902,imu,-0.472617,0.055450,-0.074521,,,,
2026-05-01T19:10:06.262Z,9546.858520,imu,-0.321556,0.011540,-0.122267,,,,
2026-05-01T19:10:06.272Z,9546.868610,imu,-0.287314,-0.141273,-0.558132,,,,
2026-05-01T19:10:06.282Z,9546.878647,imu,-0.408556,-0.479931,-1.430947,,,,
2026-05-01T19:10:06.292Z,9546.888440,imu,-0.642167,-0.627893,-2.678013,,,,
2026-05-01T19:10:06.302Z,9546.898348,imu,-0.919633,-0.414129,-3.637884,,,,
2026-05-01T19:10:06.312Z,9546.908482,imu,-1.021219,-0.234970,-3.995024,,,,
2026-05-01T19:10:06.321Z,9546.918218,imu,-0.891135,-0.035025,-3.757004,,,,
2026-05-01T19:10:06.331Z,9546.928195,imu,-0.582190,0.279746,-3.115767,,,,
2026-05-01T19:10:06.342Z,9546.938289,imu,-0.206932,0.587455,-2.270602,,,,
2026-05-01T19:10:06.352Z,9546.948280,imu,0.125231,0.831414,-1.514132,,,,
2026-05-01T19:10:06.361Z,9546.958162,imu,0.394271,0.935874,-1.103952,,,,
2026-05-01T19:10:06.373Z,9546.969400,imu,0.614622,0.902443,-1.323617,,,,
2026-05-01T19:10:06.381Z,9546.978049,imu,0.753816,0.843704,-2.076855,,,,
2026-05-01T19:10:06.391Z,9546.987948,imu,0.777060,0.797063,-2.914386,,,,
2026-05-01T19:10:06.401Z,9546.998243,imu,0.714326,0.790248,-3.443917,,,,
2026-05-01T19:10:06.411Z,9547.007958,imu,0.671196,0.763623,-3.360565,,,,
2026-05-01T19:10:06.421Z,9547.017915,imu,0.637282,0.759219,-2.675903,,,,
2026-05-01T19:10:06.431Z,9547.028158,imu,0.537063,0.803098,-1.519812,,,,
2026-05-01T19:10:06.441Z,9547.037766,imu,0.404254,0.848634,-0.122565,,,,
2026-05-01T19:10:06.451Z,9547.047761,imu,0.296477,0.882730,1.102841,,,,
2026-05-01T19:10:06.461Z,9547.057627,imu,0.259508,0.941700,2.125410,,,,
2026-05-01T19:10:06.471Z,9547.067621,imu,0.176891,0.924477,2.973707,,,,
2026-05-01T19:10:06.481Z,9547.077603,imu,0.060358,0.921256,3.510517,,,,
2026-05-01T19:10:06.491Z,9547.087410,imu,-0.111432,0.867898,3.950579,,,,
2026-05-01T19:10:06.501Z,9547.097477,imu,-0.340198,0.687287,4.211186,,,,
2026-05-01T19:10:06.511Z,9547.107362,imu,-0.573700,0.445195,4.293298,,,,
2026-05-01T19:10:06.521Z,9547.117369,imu,-0.925721,0.255623,4.077954,,,,
2026-05-01T19:10:06.531Z,9547.127387,imu,-1.310477,-0.028600,3.771920,,,,
2026-05-01T19:10:06.540Z,9547.137235,imu,-1.663366,-0.359601,3.380985,,,,
2026-05-01T19:10:06.550Z,9547.147166,imu,-2.013464,-0.536707,2.863254,,,,
2026-05-01T19:10:06.560Z,9547.157084,imu,-2.186215,-0.660484,2.357311,,,,
2026-05-01T19:10:06.570Z,9547.167094,imu,-2.125126,-0.771800,1.828809,,,,
2026-05-01T19:10:06.581Z,9547.177328,imu,-1.822960,-0.740601,1.349413,,,,
2026-05-01T19:10:06.591Z,9547.187473,imu,-1.382948,-0.551783,1.013097,,,,
2026-05-01T19:10:06.600Z,9547.196979,imu,-0.916235,-0.407449,0.810811,,,,
2026-05-01T19:10:06.610Z,9547.206902,imu,-0.523196,-0.290870,0.725706,,,,
2026-05-01T19:10:06.620Z,9547.216880,imu,-0.234982,-0.157314,0.735417,,,,
2026-05-01T19:10:06.630Z,9547.226988,imu,-0.101552,-0.071625,0.832103,,,,
2026-05-01T19:10:06.640Z,9547.236732,imu,-0.094454,-0.094099,0.940454,,,,
2026-05-01T19:10:06.650Z,9547.246753,imu,-0.182783,-0.044296,0.990707,,,,
2026-05-01T19:10:06.660Z,9547.256609,imu,-0.189475,0.126220,0.826821,,,,
2026-05-01T19:10:06.670Z,9547.266567,imu,0.020454,0.379544,0.644324,,,,
2026-05-01T19:10:06.680Z,9547.276580,imu,0.318658,0.586879,0.370821,,,,
2026-05-01T19:10:06.690Z,9547.286456,imu,0.814896,0.632786,-0.163622,,,,
2026-05-01T19:10:06.700Z,9547.296527,imu,1.370423,0.703393,-1.003576,,,,
2026-05-01T19:10:06.710Z,9547.306278,imu,1.658109,0.859902,-1.868002,,,,
2026-05-01T19:10:06.720Z,9547.316377,imu,1.594011,0.850224,-2.261882,,,,
2026-05-01T19:10:06.730Z,9547.326263,imu,1.281664,0.545210,-2.174359,,,,
2026-05-01T19:10:06.740Z,9547.336367,imu,0.913617,0.089188,-1.892869,,,,
2026-05-01T19:10:06.749Z,9547.346130,imu,0.638425,-0.320073,-1.739490,,,,
2026-05-01T19:10:06.760Z,9547.356305,imu,0.511267,-0.533670,-1.678428,,,,
2026-05-01T19:10:06.769Z,9547.366084,imu,0.348223,-0.633308,-1.637447,,,,
2026-05-01T19:10:06.779Z,9547.376140,imu,0.050411,-0.682025,-1.516015,,,,
2026-05-01T19:10:06.789Z,9547.385870,imu,-0.386691,-0.467980,-1.346112,,,,
2026-05-01T19:10:06.799Z,9547.395701,imu,-0.708519,-0.365894,-0.981979,,,,
2026-05-01T19:10:06.809Z,9547.405744,imu,-0.851175,-0.685118,-0.589054,,,,
2026-05-01T19:10:06.819Z,9547.415767,imu,-1.099898,-1.001791,-0.498361,,,,
2026-05-01T19:10:06.829Z,9547.425656,imu,-1.370279,-1.108378,-0.757082,,,,
2026-05-01T19:10:06.839Z,9547.435686,imu,-1.359223,-1.212682,-1.236661,,,,
2026-05-01T19:10:06.849Z,9547.445838,imu,-1.086508,-1.282173,-1.836495,,,,
2026-05-01T19:10:06.859Z,9547.455603,imu,-0.841104,-1.137478,-2.386838,,,,
2026-05-01T19:10:06.869Z,9547.465873,imu,-0.669018,-0.770728,-2.634799,,,,
2026-05-01T19:10:06.879Z,9547.475479,imu,-0.539725,-0.360388,-2.563058,,,,
2026-05-01T19:10:06.889Z,9547.485876,imu,-0.412008,0.002836,-1.987326,,,,
2026-05-01T19:10:06.899Z,9547.495423,imu,-0.230194,0.285623,-1.128649,,,,
2026-05-01T19:10:06.909Z,9547.505728,imu,0.082092,0.604615,-0.334305,,,,
2026-05-01T19:10:06.918Z,9547.515237,imu,0.458192,0.870063,0.142919,,,,
2026-05-01T19:10:06.929Z,9547.525511,imu,0.795572,1.013820,0.292646,,,,
2026-05-01T19:10:06.938Z,9547.535150,imu,1.047554,1.069622,0.248783,,,,
2026-05-01T19:10:06.949Z,9547.545646,imu,1.249399,1.028959,0.086501,,,,
2026-05-01T19:10:06.958Z,9547.555011,imu,1.470381,0.880331,-0.115710,,,,
2026-05-01T19:10:06.969Z,9547.565352,imu,1.683392,0.698000,-0.255708,,,,
2026-05-01T19:10:06.978Z,9547.574900,imu,1.861656,0.560281,-0.303059,,,,
2026-05-01T19:10:06.989Z,9547.585310,imu,2.012260,0.445510,-0.200244,,,,
2026-05-01T19:10:06.998Z,9547.594902,imu,2.067409,0.302434,-0.180849,,,,
2026-05-01T19:10:07.008Z,9547.605170,imu,2.052089,0.233593,-0.158872,,,,
2026-05-01T19:10:07.018Z,9547.614704,imu,1.917015,0.259161,0.100115,,,,
2026-05-01T19:10:07.028Z,9547.624990,imu,1.645681,0.152530,0.670749,,,,
2026-05-01T19:10:07.038Z,9547.634735,imu,1.329225,-0.020340,1.366125,,,,
2026-05-01T19:10:07.048Z,9547.645195,imu,1.099844,-0.188108,1.985652,,,,
2026-05-01T19:10:07.058Z,9547.654661,imu,0.890057,-0.333696,2.503543,,,,
2026-05-01T19:10:07.068Z,9547.664932,imu,0.695368,-0.535995,2.860703,,,,
2026-05-01T19:10:07.076Z,9547.672716,gps,,,,-15.745872,-47.850072,1.172908,2.998079
2026-05-01T19:10:07.078Z,9547.674422,imu,0.468800,-0.794616,2.951496,,,,
2026-05-01T19:10:07.088Z,9547.684754,imu,0.300335,-0.945669,2.882661,,,,
2026-05-01T19:10:07.098Z,9547.694349,imu,0.231367,-0.965184,2.787699,,,,
2026-05-01T19:10:07.107Z,9547.704188,imu,0.277414,-0.932433,2.760050,,,,
2026-05-01T19:10:07.117Z,9547.714232,imu,0.424639,-0.881289,2.863038,,,,
2026-05-01T19:10:07.127Z,9547.724246,imu,0.600770,-0.800832,2.948511,,,,
2026-05-01T19:10:07.137Z,9547.734174,imu,0.842720,-0.697254,3.004758,,,,
2026-05-01T19:10:07.148Z,9547.744819,imu,1.150875,-0.714490,2.959170,,,,
2026-05-01T19:10:07.157Z,9547.754044,imu,1.431755,-0.779342,2.714698,,,,
2026-05-01T19:10:07.167Z,9547.764011,imu,1.664737,-0.821918,2.305029,,,,
2026-05-01T19:10:07.177Z,9547.773940,imu,1.803348,-0.907755,1.833324,,,,
2026-05-01T19:10:07.187Z,9547.783931,imu,1.840716,-1.057191,1.372539,,,,
2026-05-01T19:10:07.197Z,9547.793850,imu,1.798744,-1.163122,0.884384,,,,
2026-05-01T19:10:07.207Z,9547.804199,imu,1.676810,-1.189993,0.391304,,,,
2026-05-01T19:10:07.217Z,9547.813761,imu,1.501002,-1.139048,-0.064203,,,,
2026-05-01T19:10:07.227Z,9547.823665,imu,1.291455,-1.015042,-0.389475,,,,
2026-05-01T19:10:07.237Z,9547.833603,imu,1.056421,-0.869160,-0.502354,,,,
2026-05-01T19:10:07.247Z,9547.843672,imu,0.991486,-0.777956,-0.466503,,,,
2026-05-01T19:10:07.257Z,9547.853444,imu,1.084314,-0.668372,-0.645720,,,,
2026-05-01T19:10:07.267Z,9547.863559,imu,1.176111,-0.493010,-1.095956,,,,
2026-05-01T19:10:07.277Z,9547.873367,imu,1.235336,-0.357172,-1.809144,,,,
2026-05-01T19:10:07.287Z,9547.883345,imu,1.264389,-0.321698,-2.433396,,,,
2026-05-01T19:10:07.297Z,9547.893263,imu,1.246569,-0.203236,-2.828591,,,,
2026-05-01T19:10:07.307Z,9547.903284,imu,1.184571,0.052610,-3.047772,,,,
2026-05-01T19:10:07.316Z,9547.913191,imu,1.077889,0.401031,-3.007914,,,,
2026-05-01T19:10:07.326Z,9547.923135,imu,0.952618,0.734821,-2.811821,,,,
2026-05-01T19:10:07.337Z,9547.933264,imu,0.884114,1.024506,-2.631655,,,,
2026-05-01T19:10:07.346Z,9547.943020,imu,0.804735,1.425498,-2.390796,,,,
2026-05-01T19:10:07.356Z,9547.953042,imu,0.695656,1.694002,-2.072527,,,,
2026-05-01T19:10:07.366Z,9547.963143,imu,0.603176,1.548079,-1.785070,,,,
2026-05-01T19:10:07.376Z,9547.972894,imu,0.624046,1.132373,-1.838796,,,,
2026-05-01T19:10:07.386Z,9547.982979,imu,0.713631,0.717928,-2.345301,,,,
2026-05-01T19:10:07.396Z,9547.993017,imu,0.799761,0.524119,-2.955064,,,,
2026-05-01T19:10:07.406Z,9548.002816,imu,0.980398,0.575728,-3.404229,,,,
2026-05-01T19:10:07.416Z,9548.012780,imu,1.164885,0.593826,-3.513635,,,,
2026-05-01T19:10:07.426Z,9548.022837,imu,1.286328,0.493549,-3.330528,,,,
2026-05-01T19:10:07.436Z,9548.032629,imu,1.376319,0.470539,-3.092844,,,,
2026-05-01T19:10:07.446Z,9548.042606,imu,1.552596,0.673374,-2.828144,,,,
2026-05-01T19:10:07.456Z,9548.052765,imu,1.742331,0.876407,-2.429476,,,,
2026-05-01T19:10:07.466Z,9548.062444,imu,1.865472,0.890120,-1.970596,,,,
2026-05-01T19:10:07.476Z,9548.072307,imu,1.931381,0.852213,-1.666297,,,,
2026-05-01T19:10:07.486Z,9548.082477,imu,1.998863,0.846820,-1.613425,,,,
2026-05-01T19:10:07.496Z,9548.092274,imu,2.114785,0.873551,-1.680309,,,,
2026-05-01T19:10:07.506Z,9548.102361,imu,2.255509,0.795949,-1.720056,,,,
2026-05-01T19:10:07.516Z,9548.112513,imu,2.318940,0.638514,-1.674673,,,,
2026-05-01T19:10:07.525Z,9548.122170,imu,2.253622,0.433162,-1.537364,,,,
2026-05-01T19:10:07.535Z,9548.132073,imu,2.149635,0.292759,-1.442559,,,,
2026-05-01T19:10:07.545Z,9548.142256,imu,2.020621,0.314482,-1.180703,,,,
2026-05-01T19:10:07.555Z,9548.151985,imu,1.890030,0.372607,-0.543212,,,,
2026-05-01T19:10:07.565Z,9548.161927,imu,1.820225,0.439603,0.287121,,,,
2026-05-01T19:10:07.575Z,9548.172020,imu,1.794715,0.617624,1.153717,,,,
2026-05-01T19:10:07.585Z,9548.181910,imu,1.718107,0.865417,1.915438,,,,
2026-05-01T19:10:07.595Z,9548.191753,imu,1.541966,1.018543,2.641846,,,,
2026-05-01T19:10:07.605Z,9548.201940,imu,1.362958,0.997987,3.105534,,,,
2026-05-01T19:10:07.615Z,9548.211711,imu,1.211489,0.940655,3.327631,,,,
2026-05-01T19:10:07.625Z,9548.221669,imu,1.123485,0.838356,3.400095,,,,
2026-05-01T19:10:07.635Z,9548.231747,imu,1.102496,0.736064,3.301118,,,,
2026-05-01T19:10:07.645Z,9548.241524,imu,1.129037,0.678351,2.984157,,,,
2026-05-01T19:10:07.655Z,9548.251472,imu,1.189100,0.691312,2.529206,,,,
2026-05-01T19:10:07.665Z,9548.261621,imu,1.191185,0.698932,2.136757,,,,
2026-05-01T19:10:07.675Z,9548.271354,imu,1.169142,0.698735,1.958046,,,,
2026-05-01T19:10:07.685Z,9548.281310,imu,1.224711,0.668000,1.916779,,,,
2026-05-01T19:10:07.695Z,9548.291429,imu,1.293371,0.660706,1.878911,,,,
2026-05-01T19:10:07.704Z,9548.301245,imu,1.334056,0.638566,1.838895,,,,
2026-05-01T19:10:07.714Z,9548.311173,imu,1.376270,0.606889,1.738238,,,,
2026-05-01T19:10:07.725Z,9548.321320,imu,1.502970,0.578228,1.473713,,,,
2026-05-01T19:10:07.734Z,9548.331086,imu,1.603242,0.663162,1.086996,,,,
2026-05-01T19:10:07.744Z,9548.341016,imu,1.663463,0.757592,0.641503,,,,
2026-05-01T19:10:07.754Z,9548.351117,imu,1.755702,0.760397,0.191810,,,,
2026-05-01T19:10:07.764Z,9548.360965,imu,1.757786,0.685942,-0.344168,,,,
2026-05-01T19:10:07.774Z,9548.370821,imu,1.740538,0.611078,-0.874836,,,,
2026-05-01T19:10:07.784Z,9548.380988,imu,1.718051,0.582540,-1.420250,,,,
2026-05-01T19:10:07.794Z,9548.390714,imu,1.581627,0.629288,-1.893212,,,,
2026-05-01T19:10:07.804Z,9548.400720,imu,1.312426,0.744114,-2.229803,,,,
2026-05-01T19:10:07.814Z,9548.410787,imu,1.104796,0.835471,-2.311449,,,,
2026-05-01T19:10:07.824Z,9548.420937,imu,1.001638,0.798521,-2.194603,,,,
2026-05-01T19:10:07.834Z,9548.430547,imu,0.979541,0.705742,-2.013406,,,,
2026-05-01T19:10:07.844Z,9548.440671,imu,0.980352,0.689501,-1.892694,,,,
2026-05-01T19:10:07.854Z,9548.450435,imu,1.039067,0.723645,-1.822304,,,,
2026-05-01T19:10:07.864Z,9548.460467,imu,1.208893,0.763283,-1.667523,,,,
2026-05-01T19:10:07.874Z,9548.470472,imu,1.460183,0.796316,-1.473792,,,,
2026-05-01T19:10:07.884Z,9548.480297,imu,1.582476,0.844365,-1.330242,,,,
2026-05-01T19:10:07.893Z,9548.490184,imu,1.543738,0.896295,-1.120090,,,,
2026-05-01T19:10:07.903Z,9548.500195,imu,1.418407,0.917970,-0.881005,,,,
2026-05-01T19:10:07.913Z,9548.510084,imu,1.167634,0.799103,-0.733009,,,,
2026-05-01T19:10:07.923Z,9548.520109,imu,0.869782,0.583367,-0.699390,,,,
2026-05-01T19:10:07.933Z,9548.529927,imu,0.627913,0.342380,-0.896349,,,,
2026-05-01T19:10:07.943Z,9548.539866,imu,0.378409,0.075749,-1.286593,,,,
2026-05-01T19:10:07.954Z,9548.550733,imu,0.181921,-0.267060,-1.840769,,,,
2026-05-01T19:10:07.963Z,9548.559804,imu,0.154126,-0.650334,-2.583504,,,,
2026-05-01T19:10:07.973Z,9548.569773,imu,0.160241,-0.727633,-3.604088,,,,
2026-05-01T19:10:07.983Z,9548.579677,imu,0.144016,-0.672018,-4.381284,,,,
2026-05-01T19:10:07.993Z,9548.589571,imu,0.147591,-0.716020,-4.875086,,,,
2026-05-01T19:10:08.003Z,9548.599554,imu,0.277222,-0.601407,-4.988288,,,,
2026-05-01T19:10:08.013Z,9548.609523,imu,0.478964,-0.211007,-4.422618,,,,
2026-05-01T19:10:08.023Z,9548.619568,imu,0.641633,0.163145,-3.197861,,,,
2026-05-01T19:10:08.033Z,9548.629448,imu,0.733148,0.478588,-1.736139,,,,
2026-05-01T19:10:08.043Z,9548.639589,imu,0.809900,0.780211,-0.465086,,,,
2026-05-01T19:10:08.053Z,9548.649298,imu,0.948656,1.048313,0.591576,,,,
2026-05-01T19:10:08.063Z,9548.659374,imu,1.045124,1.198385,1.381982,,,,
2026-05-01T19:10:08.073Z,9548.669666,imu,1.032665,1.327724,1.775088,,,,
2026-05-01T19:10:08.077Z,9548.674208,gps,,,,-15.745863,-47.850068,1.210435,2.835364
2026-05-01T19:10:08.083Z,9548.679301,imu,0.930673,1.371908,1.843706,,,,
2026-05-01T19:10:08.092Z,9548.689136,imu,0.790452,1.254904,1.607840,,,,
2026-05-01T19:10:08.102Z,9548.699118,imu,0.589694,1.141294,1.056020,,,,
2026-05-01T19:10:08.112Z,9548.708966,imu,0.336166,1.086584,0.451141,,,,
2026-05-01T19:10:08.122Z,9548.719050,imu,0.091502,0.977205,0.038941,,,,
2026-05-01T19:10:08.132Z,9548.728994,imu,-0.213555,0.843012,0.035832,,,,
2026-05-01T19:10:08.142Z,9548.738883,imu,-0.455028,0.734714,0.398706,,,,
2026-05-01T19:10:08.152Z,9548.748743,imu,-0.502356,0.678820,1.020886,,,,
2026-05-01T19:10:08.162Z,9548.758642,imu,-0.399547,0.720908,1.718157,,,,
2026-05-01T19:10:08.172Z,9548.768704,imu,-0.268022,0.759839,2.316910,,,,
2026-05-01T19:10:08.182Z,9548.778634,imu,-0.171679,0.747835,2.869375,,,,
2026-05-01T19:10:08.193Z,9548.789431,imu,-0.079493,0.635989,3.221179,,,,
2026-05-01T19:10:08.202Z,9548.798604,imu,0.026527,0.496263,3.298185,,,,
2026-05-01T19:10:08.212Z,9548.808492,imu,0.097386,0.447106,3.085552,,,,
2026-05-01T19:10:08.222Z,9548.818460,imu,0.146154,0.410157,2.763037,,,,
2026-05-01T19:10:08.232Z,9548.828493,imu,0.171257,0.335159,2.533327,,,,
2026-05-01T19:10:08.242Z,9548.838481,imu,0.196732,0.230340,2.460055,,,,
2026-05-01T19:10:08.252Z,9548.848264,imu,0.267012,0.172125,2.499150,,,,
2026-05-01T19:10:08.262Z,9548.858266,imu,0.387899,0.131390,2.561508,,,,
2026-05-01T19:10:08.271Z,9548.868209,imu,0.500301,0.108673,2.566851,,,,
2026-05-01T19:10:08.281Z,9548.878179,imu,0.605641,0.071502,2.606528,,,,
2026-05-01T19:10:08.291Z,9548.888084,imu,0.668206,-0.043673,2.657374,,,,
2026-05-01T19:10:08.301Z,9548.898048,imu,0.769387,-0.140981,2.638092,,,,
2026-05-01T19:10:08.311Z,9548.908005,imu,0.877117,-0.151875,2.482606,,,,
2026-05-01T19:10:08.321Z,9548.917943,imu,0.885443,-0.235358,2.195329,,,,
2026-05-01T19:10:08.331Z,9548.928058,imu,0.820429,-0.366866,1.785911,,,,
2026-05-01T19:10:08.342Z,9548.938299,imu,0.644393,-0.534217,1.395815,,,,
2026-05-01T19:10:08.351Z,9548.947805,imu,0.393557,-0.781474,0.982010,,,,
2026-05-01T19:10:08.361Z,9548.957740,imu,0.090909,-1.040619,0.468334,,,,
2026-05-01T19:10:08.372Z,9548.969006,imu,-0.150013,-1.201335,-0.063605,,,,
2026-05-01T19:10:08.381Z,9548.977804,imu,-0.241644,-1.210492,-0.330235,,,,
2026-05-01T19:10:08.391Z,9548.987455,imu,-0.118258,-1.142657,-0.294496,,,,
2026-05-01T19:10:08.401Z,9548.997550,imu,0.097581,-1.055033,-0.022773,,,,
2026-05-01T19:10:08.411Z,9549.007340,imu,0.338930,-0.957173,0.328087,,,,
2026-05-01T19:10:08.421Z,9549.017434,imu,0.572390,-0.814528,0.483276,,,,
2026-05-01T19:10:08.431Z,9549.027458,imu,0.760342,-0.662098,0.263286,,,,
2026-05-01T19:10:08.441Z,9549.037743,imu,0.812309,-0.558282,-0.255874,,,,
2026-05-01T19:10:08.451Z,9549.047546,imu,0.639508,-0.523327,-0.862470,,,,
2026-05-01T19:10:08.461Z,9549.057261,imu,0.323486,-0.534366,-1.526703,,,,
2026-05-01T19:10:08.470Z,9549.067154,imu,-0.014814,-0.396869,-2.130863,,,,
2026-05-01T19:10:08.480Z,9549.077176,imu,-0.270520,-0.094185,-2.572252,,,,
2026-05-01T19:10:08.490Z,9549.086983,imu,-0.385697,0.107584,-2.740682,,,,
2026-05-01T19:10:08.500Z,9549.097019,imu,-0.511990,0.220061,-2.766205,,,,
2026-05-01T19:10:08.510Z,9549.106922,imu,-0.600907,0.382506,-2.817142,,,,
2026-05-01T19:10:08.520Z,9549.116901,imu,-0.610651,0.584778,-3.012868,,,,
2026-05-01T19:10:08.530Z,9549.126932,imu,-0.646965,0.680911,-3.364023,,,,
2026-05-01T19:10:08.540Z,9549.137017,imu,-0.585791,0.614890,-3.741478,,,,
2026-05-01T19:10:08.550Z,9549.146746,imu,-0.367304,0.430380,-4.081077,,,,
2026-05-01T19:10:08.560Z,9549.156720,imu,0.092865,0.351207,-4.407648,,,,
2026-05-01T19:10:08.570Z,9549.166823,imu,0.668521,0.408214,-4.556359,,,,
2026-05-01T19:10:08.580Z,9549.176593,imu,1.218618,0.462581,-4.444811,,,,
2026-05-01T19:10:08.590Z,9549.186480,imu,1.615190,0.556540,-4.164717,,,,
2026-05-01T19:10:08.600Z,9549.196677,imu,1.765002,0.690187,-3.676411,,,,
2026-05-01T19:10:08.610Z,9549.206383,imu,1.680206,0.758160,-2.920975,,,,
2026-05-01T19:10:08.620Z,9549.216415,imu,1.382090,0.800462,-2.078072,,,,
2026-05-01T19:10:08.630Z,9549.226362,imu,0.991455,0.778141,-1.297867,,,,
2026-05-01T19:10:08.640Z,9549.236380,imu,0.619486,0.650779,-0.684348,,,,
2026-05-01T19:10:08.649Z,9549.246112,imu,0.381141,0.608316,-0.168884,,,,
2026-05-01T19:10:08.660Z,9549.256383,imu,0.263520,0.659862,0.136953,,,,
2026-05-01T19:10:08.669Z,9549.265967,imu,0.128089,0.643863,0.328155,,,,
2026-05-01T19:10:08.679Z,9549.276047,imu,-0.055078,0.578144,0.469453,,,,
2026-05-01T19:10:08.689Z,9549.286146,imu,-0.205324,0.470708,0.530404,,,,
2026-05-01T19:10:08.699Z,9549.296023,imu,-0.362354,0.386972,0.489239,,,,
2026-05-01T19:10:08.709Z,9549.306017,imu,-0.377264,0.386233,0.401323,,,,
2026-05-01T19:10:08.719Z,9549.316053,imu,-0.198178,0.444336,0.301062,,,,
2026-05-01T19:10:08.729Z,9549.325660,imu,0.036392,0.565882,0.266875,,,,
2026-05-01T19:10:08.739Z,9549.335882,imu,0.233175,0.661886,0.482865,,,,
2026-05-01T19:10:08.749Z,9549.345998,imu,0.317269,0.697369,0.952837,,,,
2026-05-01T19:10:08.759Z,9549.355695,imu,0.228564,0.728774,1.594292,,,,
2026-05-01T19:10:08.769Z,9549.365879,imu,0.029288,0.715184,2.311904,,,,
2026-05-01T19:10:08.779Z,9549.375791,imu,-0.145872,0.694498,2.854828,,,,
2026-05-01T19:10:08.789Z,9549.385914,imu,-0.314309,0.689223,3.207636,,,,
2026-05-01T19:10:08.799Z,9549.395593,imu,-0.438204,0.609265,3.397813,,,,
2026-05-01T19:10:08.809Z,9549.405849,imu,-0.499466,0.482103,3.397765,,,,
2026-05-01T19:10:08.819Z,9549.415680,imu,-0.506791,0.348535,3.221080,,,,
2026-05-01T19:10:08.829Z,9549.425576,imu,-0.388301,0.221760,2.946353,,,,
2026-05-01T19:10:08.839Z,9549.435431,imu,-0.210336,0.167977,2.601974,,,,
2026-05-01T19:10:08.849Z,9549.445621,imu,-0.098206,0.143072,2.255018,,,,
2026-05-01T19:10:08.858Z,9549.455164,imu,-0.027229,0.106420,2.029585,,,,
2026-05-01T19:10:08.869Z,9549.465615,imu,0.014311,0.125839,1.948004,,,,
2026-05-01T19:10:08.878Z,9549.474873,imu,0.061323,0.205830,1.958988,,,,
2026-05-01T19:10:08.889Z,9549.485423,imu,0.055252,0.203822,1.972751,,,,
2026-05-01T19:10:08.898Z,9549.495100,imu,0.019567,0.175949,1.923390,,,,
2026-05-01T19:10:08.908Z,9549.505240,imu,-0.020039,0.095273,1.731750,,,,
2026-05-01T19:10:08.918Z,9549.514816,imu,-0.094788,0.052373,1.340763,,,,
2026-05-01T19:10:08.929Z,9549.525302,imu,-0.165742,0.017693,0.844703,,,,
2026-05-01T19:10:08.938Z,9549.534747,imu,-0.191778,-0.036844,0.287794,,,,
2026-05-01T19:10:08.948Z,9549.545055,imu,-0.260596,-0.060459,-0.226392,,,,
2026-05-01T19:10:08.958Z,9549.554733,imu,-0.415847,-0.093591,-0.613014,,,,
2026-05-01T19:10:08.968Z,9549.564895,imu,-0.605804,-0.067551,-0.923674,,,,
2026-05-01T19:10:08.978Z,9549.574621,imu,-0.829761,0.085241,-1.088258,,,,
2026-05-01T19:10:08.989Z,9549.585522,imu,-1.005903,0.198898,-1.013390,,,,
2026-05-01T19:10:08.998Z,9549.594497,imu,-1.132777,0.175081,-0.876136,,,,
2026-05-01T19:10:09.008Z,9549.605027,imu,-1.181208,0.121067,-0.892842,,,,
2026-05-01T19:10:09.018Z,9549.614375,imu,-1.115665,0.118043,-1.121681,,,,
2026-05-01T19:10:09.028Z,9549.624561,imu,-0.990539,0.112750,-1.611662,,,,
2026-05-01T19:10:09.038Z,9549.634280,imu,-0.911370,0.087154,-1.985772,,,,
2026-05-01T19:10:09.048Z,9549.644957,imu,-0.870571,0.157613,-2.127579,,,,
2026-05-01T19:10:09.058Z,9549.654458,imu,-0.697756,0.187775,-2.025755,,,,
2026-05-01T19:10:09.067Z,9549.664043,imu,-0.423402,0.261357,-1.675175,,,,
2026-05-01T19:10:09.077Z,9549.673956,imu,-0.149374,0.384426,-1.194633,,,,
2026-05-01T19:10:09.079Z,9549.675798,gps,,,,-15.745851,-47.850070,1.340389,2.735201
2026-05-01T19:10:09.087Z,9549.683938,imu,-0.018089,0.552749,-0.809061,,,,
2026-05-01T19:10:09.097Z,9549.693903,imu,0.010255,0.683964,-0.617952,,,,
2026-05-01T19:10:09.107Z,9549.703820,imu,-0.105254,0.634264,-0.555309,,,,
2026-05-01T19:10:09.117Z,9549.713767,imu,-0.290479,0.293322,-0.639114,,,,
2026-05-01T19:10:09.127Z,9549.723744,imu,-0.591845,-0.102629,-1.237599,,,,
2026-05-01T19:10:09.137Z,9549.733534,imu,-1.007360,-0.368007,-2.196093,,,,
2026-05-01T19:10:09.147Z,9549.743583,imu,-1.380105,-0.471479,-3.207467,,,,
2026-05-01T19:10:09.157Z,9549.753576,imu,-1.570572,-0.308417,-4.261941,,,,
2026-05-01T19:10:09.167Z,9549.763499,imu,-1.456316,0.113535,-5.008016,,,,
2026-05-01T19:10:09.177Z,9549.773405,imu,-0.946867,0.597714,-5.087818,,,,
2026-05-01T19:10:09.187Z,9549.783353,imu,-0.118922,1.120087,-4.497160,,,,
2026-05-01T19:10:09.197Z,9549.793316,imu,0.651489,1.626821,-3.097656,,,,
2026-05-01T19:10:09.207Z,9549.803373,imu,1.180185,1.988021,-1.472103,,,,
2026-05-01T19:10:09.217Z,9549.813356,imu,1.510358,2.044247,0.069099,,,,
2026-05-01T19:10:09.226Z,9549.823176,imu,1.597446,1.941447,1.285921,,,,
2026-05-01T19:10:09.236Z,9549.833200,imu,1.184862,1.718204,2.005912,,,,
2026-05-01T19:10:09.246Z,9549.843068,imu,0.429618,1.384362,2.406521,,,,
2026-05-01T19:10:09.256Z,9549.853109,imu,-0.346608,1.016498,2.297839,,,,
2026-05-01T19:10:09.266Z,9549.863009,imu,-1.055989,0.738233,1.750738,,,,
2026-05-01T19:10:09.276Z,9549.872965,imu,-1.622445,0.549723,1.194527,,,,
2026-05-01T19:10:09.286Z,9549.882899,imu,-1.915943,0.235709,0.783621,,,,
2026-05-01T19:10:09.296Z,9549.892852,imu,-1.931605,-0.062759,0.608852,,,,
2026-05-01T19:10:09.306Z,9549.902833,imu,-1.769388,-0.237152,0.774038,,,,
2026-05-01T19:10:09.316Z,9549.912776,imu,-1.357843,-0.343377,1.048236,,,,
2026-05-01T19:10:09.326Z,9549.922673,imu,-0.863272,-0.434402,1.315977,,,,
2026-05-01T19:10:09.336Z,9549.932686,imu,-0.580216,-0.512865,1.570247,,,,
2026-05-01T19:10:09.346Z,9549.942650,imu,-0.494020,-0.680315,1.861931,,,,
2026-05-01T19:10:09.356Z,9549.952544,imu,-0.512670,-0.803534,2.138951,,,,
2026-05-01T19:10:09.366Z,9549.962457,imu,-0.515228,-0.819202,2.364257,,,,
2026-05-01T19:10:09.376Z,9549.972437,imu,-0.435517,-0.873391,2.567770,,,,
2026-05-01T19:10:09.386Z,9549.982355,imu,-0.351763,-0.974871,2.735056,,,,
2026-05-01T19:10:09.396Z,9549.992309,imu,-0.214420,-1.004890,2.912733,,,,
2026-05-01T19:10:09.406Z,9550.002253,imu,0.011204,-0.934772,3.137108,,,,
2026-05-01T19:10:09.416Z,9550.012354,imu,0.153834,-0.793428,3.309077,,,,
2026-05-01T19:10:09.425Z,9550.022193,imu,0.214760,-0.700780,3.380250,,,,
2026-05-01T19:10:09.435Z,9550.032166,imu,0.182235,-0.641556,3.448009,,,,
2026-05-01T19:10:09.445Z,9550.042155,imu,0.080513,-0.628480,3.463005,,,,
2026-05-01T19:10:09.455Z,9550.052098,imu,-0.068174,-0.686339,3.277961,,,,
2026-05-01T19:10:09.465Z,9550.062018,imu,-0.245604,-0.766258,2.857529,,,,
2026-05-01T19:10:09.475Z,9550.071962,imu,-0.380733,-0.953120,2.170828,,,,
2026-05-01T19:10:09.485Z,9550.081863,imu,-0.437242,-1.146186,1.383679,,,,
2026-05-01T19:10:09.495Z,9550.091854,imu,-0.525587,-1.227969,0.760689,,,,
2026-05-01T19:10:09.505Z,9550.101639,imu,-0.743995,-1.250357,0.202931,,,,
2026-05-01T19:10:09.515Z,9550.111662,imu,-1.039194,-1.255545,-0.180342,,,,
2026-05-01T19:10:09.525Z,9550.121458,imu,-1.261976,-1.224409,-0.576242,,,,
2026-05-01T19:10:09.535Z,9550.131585,imu,-1.461044,-1.246578,-0.775674,,,,
2026-05-01T19:10:09.545Z,9550.141502,imu,-1.509850,-1.314707,-0.904915,,,,
2026-05-01T19:10:09.555Z,9550.151469,imu,-1.372931,-1.319029,-1.112791,,,,
2026-05-01T19:10:09.565Z,9550.161406,imu,-1.202540,-1.274949,-1.404987,,,,
2026-05-01T19:10:09.575Z,9550.171419,imu,-1.021628,-1.323551,-1.790954,,,,
2026-05-01T19:10:09.585Z,9550.181322,imu,-0.863603,-1.431133,-2.132772,,,,
2026-05-01T19:10:09.595Z,9550.191287,imu,-0.718002,-1.490580,-2.487283,,,,
2026-05-01T19:10:09.604Z,9550.201212,imu,-0.648270,-1.253364,-2.780403,,,,
2026-05-01T19:10:09.614Z,9550.211221,imu,-0.584060,-0.702238,-2.697342,,,,
2026-05-01T19:10:09.624Z,9550.221096,imu,-0.455079,0.065561,-2.052444,,,,
2026-05-01T19:10:09.634Z,9550.231102,imu,-0.268953,0.384660,-0.989143,,,,
2026-05-01T19:10:09.644Z,9550.241007,imu,-0.229952,0.164511,-0.329412,,,,
2026-05-01T19:10:09.654Z,9550.251004,imu,-0.494625,0.030851,-0.161811,,,,
2026-05-01T19:10:09.664Z,9550.260981,imu,-0.683319,0.122929,-0.414023,,,,
2026-05-01T19:10:09.674Z,9550.271095,imu,-0.699424,0.072302,-1.108791,,,,
2026-05-01T19:10:09.684Z,9550.280816,imu,-0.686606,-0.085250,-2.081138,,,,
2026-05-01T19:10:09.694Z,9550.290793,imu,-0.741884,-0.180122,-3.132604,,,,
2026-05-01T19:10:09.704Z,9550.300710,imu,-0.850592,-0.272426,-3.773186,,,,
2026-05-01T19:10:09.714Z,9550.310838,imu,-0.885145,-0.314846,-3.974974,,,,
2026-05-01T19:10:09.724Z,9550.320506,imu,-0.803735,0.043632,-3.669980,,,,
2026-05-01T19:10:09.734Z,9550.330594,imu,-0.603826,0.483612,-2.879458,,,,
2026-05-01T19:10:09.744Z,9550.340495,imu,-0.340342,0.784526,-1.783064,,,,
2026-05-01T19:10:09.754Z,9550.350472,imu,-0.009116,1.019626,-0.749902,,,,
2026-05-01T19:10:09.764Z,9550.360583,imu,0.325018,1.285926,-0.124130,,,,
2026-05-01T19:10:09.774Z,9550.370296,imu,0.568906,1.446943,0.165859,,,,
2026-05-01T19:10:09.784Z,9550.380253,imu,0.643859,1.423828,0.056372,,,,
2026-05-01T19:10:09.794Z,9550.390298,imu,0.594003,1.309962,-0.290753,,,,
2026-05-01T19:10:09.803Z,9550.400181,imu,0.499226,1.228214,-0.627096,,,,
2026-05-01T19:10:09.813Z,9550.410232,imu,0.398228,1.156893,-0.885283,,,,
2026-05-01T19:10:09.823Z,9550.420168,imu,0.339249,0.999438,-0.806080,,,,
2026-05-01T19:10:09.833Z,9550.430085,imu,0.331174,0.842018,-0.460160,,,,
2026-05-01T19:10:09.843Z,9550.439956,imu,0.355306,0.753933,0.032095,,,,
2026-05-01T19:10:09.853Z,9550.449960,imu,0.477849,0.735016,0.487718,,,,
2026-05-01T19:10:09.863Z,9550.460043,imu,0.539130,0.831823,1.017970,,,,
2026-05-01T19:10:09.873Z,9550.469890,imu,0.542965,0.869099,1.808417,,,,
2026-05-01T19:10:09.883Z,9550.479764,imu,0.534866,0.834269,2.575636,,,,
2026-05-01T19:10:09.893Z,9550.489935,imu,0.519903,0.786495,3.234157,,,,
2026-05-01T19:10:09.903Z,9550.499668,imu,0.531545,0.764197,3.594782,,,,
2026-05-01T19:10:09.913Z,9550.509650,imu,0.443205,0.686372,3.696566,,,,
2026-05-01T19:10:09.923Z,9550.519818,imu,0.239853,0.548390,3.564296,,,,
2026-05-01T19:10:09.933Z,9550.529556,imu,-0.050680,0.373725,3.233480,,,,
2026-05-01T19:10:09.943Z,9550.539447,imu,-0.407807,0.194496,2.690129,,,,
2026-05-01T19:10:09.953Z,9550.549630,imu,-0.678950,0.045167,2.139055,,,,
2026-05-01T19:10:09.963Z,9550.559382,imu,-0.851612,-0.088797,1.728936,,,,
2026-05-01T19:10:09.973Z,9550.569295,imu,-0.987749,-0.211950,1.503871,,,,
2026-05-01T19:10:09.983Z,9550.579446,imu,-1.111065,-0.256686,1.416436,,,,
2026-05-01T19:10:09.992Z,9550.589178,imu,-1.066005,-0.192495,1.495709,,,,
2026-05-01T19:10:10.002Z,9550.599153,imu,-0.804374,-0.092687,1.648913,,,,
2026-05-01T19:10:10.013Z,9550.609252,imu,-0.459317,-0.092948,1.777830,,,,
2026-05-01T19:10:10.022Z,9550.619062,imu,-0.125617,-0.108921,1.920364,,,,
2026-05-01T19:10:10.032Z,9550.629081,imu,0.162609,-0.168147,2.008766,,,,
2026-05-01T19:10:10.042Z,9550.639169,imu,0.312487,-0.233779,1.901390,,,,
2026-05-01T19:10:10.053Z,9550.649615,imu,0.256313,-0.187073,1.700243,,,,
2026-05-01T19:10:10.062Z,9550.658799,imu,0.126189,-0.026858,1.518824,,,,
2026-05-01T19:10:10.072Z,9550.668779,imu,0.016641,0.123950,1.233072,,,,
2026-05-01T19:10:10.082Z,9550.678700,imu,-0.102290,0.272067,0.828161,,,,
2026-05-01T19:10:10.092Z,9550.688499,imu,-0.111806,0.489302,0.253101,,,,
2026-05-01T19:10:10.094Z,9550.690498,gps,,,,-15.745839,-47.850072,1.340389,2.458091
2026-05-01T19:10:10.102Z,9550.698849,imu,0.143257,0.656652,-0.532361,,,,
2026-05-01T19:10:10.112Z,9550.708619,imu,0.452996,0.716330,-1.430801,,,,
2026-05-01T19:10:10.122Z,9550.718554,imu,0.565071,0.686949,-2.278759,,,,
2026-05-01T19:10:10.132Z,9550.728789,imu,0.579950,0.516242,-2.779150,,,,
2026-05-01T19:10:10.142Z,9550.738473,imu,0.633515,0.266656,-2.955550,,,,
2026-05-01T19:10:10.152Z,9550.748415,imu,0.545800,0.126343,-2.870415,,,,
2026-05-01T19:10:10.162Z,9550.758515,imu,0.217816,0.233186,-2.444815,,,,
2026-05-01T19:10:10.172Z,9550.768339,imu,-0.046364,0.341369,-1.670653,,,,
2026-05-01T19:10:10.182Z,9550.778344,imu,-0.121763,0.381961,-0.802222,,,,
2026-05-01T19:10:10.191Z,9550.788236,imu,-0.142690,0.344702,-0.050933,,,,
2026-05-01T19:10:10.201Z,9550.797997,imu,-0.217004,0.169363,0.412474,,,,
2026-05-01T19:10:10.211Z,9550.808062,imu,-0.445590,0.015545,0.399939,,,,
2026-05-01T19:10:10.221Z,9550.818169,imu,-0.727110,-0.182644,0.035364,,,,
2026-05-01T19:10:10.231Z,9550.827996,imu,-0.951179,-0.541100,-0.671093,,,,
2026-05-01T19:10:10.241Z,9550.837799,imu,-1.147408,-0.917710,-1.579524,,,,
2026-05-01T19:10:10.251Z,9550.848054,imu,-1.318559,-1.014381,-2.550323,,,,
2026-05-01T19:10:10.261Z,9550.857841,imu,-1.363003,-0.808256,-3.339288,,,,
2026-05-01T19:10:10.271Z,9550.867620,imu,-1.233412,-0.517830,-3.607613,,,,
2026-05-01T19:10:10.281Z,9550.877943,imu,-0.926014,-0.198031,-3.249230,,,,
2026-05-01T19:10:10.293Z,9550.889477,imu,-0.515396,0.244912,-2.600379,,,,
2026-05-01T19:10:10.301Z,9550.897553,imu,-0.094981,0.689475,-2.001903,,,,
2026-05-01T19:10:10.311Z,9550.907743,imu,0.307671,1.026380,-1.485355,,,,
2026-05-01T19:10:10.321Z,9550.917481,imu,0.563868,1.332604,-1.158484,,,,
2026-05-01T19:10:10.331Z,9550.927457,imu,0.530848,1.532311,-0.893440,,,,
2026-05-01T19:10:10.341Z,9550.938121,imu,0.325765,1.527280,-0.551848,,,,
2026-05-01T19:10:10.351Z,9550.947355,imu,0.002033,1.341505,-0.191558,,,,
2026-05-01T19:10:10.361Z,9550.957259,imu,-0.393106,1.180845,0.116492,,,,
2026-05-01T19:10:10.371Z,9550.967473,imu,-0.762378,0.968863,0.495935,,,,
2026-05-01T19:10:10.381Z,9550.977299,imu,-1.067089,0.716138,0.903320,,,,
2026-05-01T19:10:10.390Z,9550.987186,imu,-1.185408,0.454138,1.238590,,,,
2026-05-01T19:10:10.401Z,9550.997245,imu,-1.092573,0.301724,1.367224,,,,
2026-05-01T19:10:10.410Z,9551.007034,imu,-0.831419,0.297238,1.305919,,,,
2026-05-01T19:10:10.420Z,9551.016979,imu,-0.461318,0.351503,1.300147,,,,
2026-05-01T19:10:10.431Z,9551.027295,imu,-0.079336,0.370875,1.359237,,,,
2026-05-01T19:10:10.440Z,9551.036942,imu,0.269292,0.333030,1.533552,,,,
2026-05-01T19:10:10.450Z,9551.046918,imu,0.512511,0.238199,1.702517,,,,
2026-05-01T19:10:10.460Z,9551.056941,imu,0.564427,0.149749,1.911835,,,,
2026-05-01T19:10:10.470Z,9551.066703,imu,0.449814,0.005087,2.251748,,,,
2026-05-01T19:10:10.480Z,9551.076649,imu,0.271636,-0.187244,2.622680,,,,
2026-05-01T19:10:10.490Z,9551.086834,imu,0.108010,-0.329318,2.965711,,,,
2026-05-01T19:10:10.500Z,9551.096562,imu,0.053459,-0.434879,3.203736,,,,
2026-05-01T19:10:10.510Z,9551.106365,imu,0.133179,-0.485463,3.342429,,,,
2026-05-01T19:10:10.520Z,9551.116498,imu,0.268010,-0.440101,3.403422,,,,
2026-05-01T19:10:10.529Z,9551.126234,imu,0.387028,-0.378978,3.404743,,,,
2026-05-01T19:10:10.540Z,9551.136364,imu,0.395925,-0.349131,3.252968,,,,
2026-05-01T19:10:10.550Z,9551.146401,imu,0.352555,-0.349435,3.007929,,,,
2026-05-01T19:10:10.559Z,9551.156231,imu,0.249260,-0.451877,2.746052,,,,
2026-05-01T19:10:10.569Z,9551.166070,imu,0.136307,-0.592415,2.542131,,,,
2026-05-01T19:10:10.580Z,9551.176313,imu,-0.025335,-0.761708,2.208520,,,,
2026-05-01T19:10:10.589Z,9551.185960,imu,-0.224970,-0.927732,1.792073,,,,
2026-05-01T19:10:10.599Z,9551.196232,imu,-0.454673,-0.999241,1.319786,,,,
2026-05-01T19:10:10.609Z,9551.205835,imu,-0.652815,-0.930873,0.883643,,,,
2026-05-01T19:10:10.619Z,9551.215933,imu,-0.851080,-0.817976,0.506040,,,,
2026-05-01T19:10:10.629Z,9551.225753,imu,-0.960784,-0.736984,0.162782,,,,
2026-05-01T19:10:10.639Z,9551.235837,imu,-1.035073,-0.735020,-0.183383,,,,
2026-05-01T19:10:10.649Z,9551.245813,imu,-0.986597,-0.758845,-0.577391,,,,
2026-05-01T19:10:10.659Z,9551.255715,imu,-0.891074,-0.733934,-1.224369,,,,
2026-05-01T19:10:10.669Z,9551.265766,imu,-0.728268,-0.698115,-1.872766,,,,
2026-05-01T19:10:10.679Z,9551.275609,imu,-0.403453,-0.695307,-2.445590,,,,
2026-05-01T19:10:10.689Z,9551.285751,imu,-0.040935,-0.766686,-2.858790,,,,
2026-05-01T19:10:10.699Z,9551.295545,imu,0.291493,-0.850882,-3.057351,,,,
2026-05-01T19:10:10.709Z,9551.305770,imu,0.578766,-0.816892,-3.006980,,,,
2026-05-01T19:10:10.719Z,9551.315387,imu,0.749525,-0.382560,-2.596197,,,,
2026-05-01T19:10:10.729Z,9551.325728,imu,0.656310,0.272001,-1.904579,,,,
2026-05-01T19:10:10.739Z,9551.335300,imu,0.473503,0.597973,-1.106298,,,,
2026-05-01T19:10:10.749Z,9551.345776,imu,0.334971,0.512939,-0.568170,,,,
2026-05-01T19:10:10.758Z,9551.355182,imu,0.045749,0.462554,-0.577746,,,,
2026-05-01T19:10:10.769Z,9551.365613,imu,-0.348418,0.459593,-1.006560,,,,
2026-05-01T19:10:10.778Z,9551.375093,imu,-0.509249,0.274850,-1.436420,,,,
2026-05-01T19:10:10.789Z,9551.385536,imu,-0.305611,0.013940,-2.068171,,,,
2026-05-01T19:10:10.798Z,9551.395000,imu,0.052062,-0.107644,-2.915717,,,,
2026-05-01T19:10:10.809Z,9551.405469,imu,0.287360,-0.081227,-3.710210,,,,
2026-05-01T19:10:10.818Z,9551.415007,imu,0.535091,-0.032841,-4.046184,,,,
2026-05-01T19:10:10.829Z,9551.425310,imu,0.880801,0.081006,-3.760619,,,,
2026-05-01T19:10:10.838Z,9551.434942,imu,1.140568,0.361403,-3.134969,,,,
2026-05-01T19:10:10.849Z,9551.445275,imu,1.215089,0.654077,-2.239478,,,,
2026-05-01T19:10:10.858Z,9551.454585,imu,1.194169,0.699288,-1.118789,,,,
2026-05-01T19:10:10.868Z,9551.464916,imu,1.180743,0.603889,-0.316804,,,,
2026-05-01T19:10:10.878Z,9551.474450,imu,1.189109,0.571482,-0.116581,,,,
2026-05-01T19:10:10.888Z,9551.484904,imu,1.030422,0.516291,-0.392688,,,,
2026-05-01T19:10:10.898Z,9551.494539,imu,0.662245,0.317039,-0.713942,,,,
2026-05-01T19:10:10.908Z,9551.504804,imu,0.338846,0.198068,-1.052689,,,,
2026-05-01T19:10:10.918Z,9551.514410,imu,0.130276,0.164170,-1.298656,,,,
2026-05-01T19:10:10.928Z,9551.524689,imu,0.032401,0.147001,-1.292532,,,,
2026-05-01T19:10:10.938Z,9551.534263,imu,0.050240,0.126227,-0.971242,,,,
2026-05-01T19:10:10.947Z,9551.544225,imu,0.138920,0.164907,-0.322315,,,,
2026-05-01T19:10:10.958Z,9551.554809,imu,0.246644,0.300377,0.628096,,,,
2026-05-01T19:10:10.967Z,9551.564187,imu,0.399076,0.452876,1.685742,,,,
2026-05-01T19:10:10.977Z,9551.574092,imu,0.502409,0.558273,2.530089,,,,
2026-05-01T19:10:10.987Z,9551.584021,imu,0.516409,0.704046,3.077909,,,,
2026-05-01T19:10:10.997Z,9551.593929,imu,0.463878,0.795164,3.495457,,,,
2026-05-01T19:10:11.007Z,9551.603787,imu,0.322149,0.809907,3.799165,,,,
2026-05-01T19:10:11.017Z,9551.613789,imu,0.162584,0.739633,3.817275,,,,
2026-05-01T19:10:11.027Z,9551.623800,imu,-0.031889,0.609045,3.734397,,,,
2026-05-01T19:10:11.037Z,9551.633744,imu,-0.212562,0.386422,3.511245,,,,
2026-05-01T19:10:11.048Z,9551.644642,imu,-0.383858,0.175899,3.136825,,,,
2026-05-01T19:10:11.058Z,9551.654421,imu,-0.553683,0.031685,2.755665,,,,
2026-05-01T19:10:11.067Z,9551.663422,imu,-0.638903,-0.095171,2.401403,,,,
2026-05-01T19:10:11.077Z,9551.673689,gps,,,,-15.745829,-47.850073,1.247583,2.308230
2026-05-01T19:10:11.077Z,9551.673708,imu,-0.663584,-0.217551,2.130711,,,,
2026-05-01T19:10:11.087Z,9551.683429,imu,-0.601377,-0.339946,1.923499,,,,
2026-05-01T19:10:11.097Z,9551.693314,imu,-0.500104,-0.410581,1.730133,,,,
2026-05-01T19:10:11.107Z,9551.703375,imu,-0.437313,-0.443307,1.484077,,,,
2026-05-01T19:10:11.117Z,9551.713279,imu,-0.354287,-0.509067,1.371248,,,,
2026-05-01T19:10:11.126Z,9551.723218,imu,-0.241030,-0.567277,1.261978,,,,
2026-05-01T19:10:11.136Z,9551.733220,imu,-0.142533,-0.621973,0.946629,,,,
2026-05-01T19:10:11.146Z,9551.743191,imu,-0.082085,-0.642933,0.508632,,,,
2026-05-01T19:10:11.156Z,9551.753172,imu,-0.043661,-0.589686,0.100905,,,,
2026-05-01T19:10:11.166Z,9551.763044,imu,-0.033888,-0.523421,-0.283402,,,,
2026-05-01T19:10:11.176Z,9551.773029,imu,-0.006128,-0.422463,-0.601288,,,,
2026-05-01T19:10:11.186Z,9551.783063,imu,0.024060,-0.249222,-0.832376,,,,
2026-05-01T19:10:11.196Z,9551.792863,imu,0.030948,-0.050599,-1.056412,,,,
2026-05-01T19:10:11.206Z,9551.802952,imu,0.056543,0.125305,-1.307831,,,,
2026-05-01T19:10:11.216Z,9551.812830,imu,0.041373,0.203859,-1.757344,,,,
2026-05-01T19:10:11.226Z,9551.822781,imu,-0.019705,0.266728,-2.304585,,,,
2026-05-01T19:10:11.236Z,9551.832707,imu,-0.060630,0.308376,-2.740216,,,,
2026-05-01T19:10:11.246Z,9551.842799,imu,-0.139357,0.215284,-3.019430,,,,
2026-05-01T19:10:11.256Z,9551.852577,imu,-0.191870,0.080475,-2.933657,,,,
2026-05-01T19:10:11.266Z,9551.862677,imu,-0.276841,-0.043847,-2.611187,,,,
2026-05-01T19:10:11.276Z,9551.872647,imu,-0.399861,-0.162109,-2.185001,,,,
2026-05-01T19:10:11.286Z,9551.882477,imu,-0.368493,-0.065464,-1.585939,,,,
2026-05-01T19:10:11.296Z,9551.892395,imu,-0.134757,-0.001141,-0.984058,,,,
2026-05-01T19:10:11.306Z,9551.902535,imu,0.041813,-0.064678,-0.556693,,,,
2026-05-01T19:10:11.316Z,9551.912311,imu,0.114830,0.048208,-0.235156,,,,
2026-05-01T19:10:11.325Z,9551.922226,imu,0.212672,0.178996,-0.018589,,,,
2026-05-01T19:10:11.336Z,9551.932383,imu,0.371809,0.127819,0.030226,,,,
2026-05-01T19:10:11.345Z,9551.942146,imu,0.548467,0.001219,-0.311173,,,,
2026-05-01T19:10:11.355Z,9551.951909,imu,0.698067,0.036093,-1.058789,,,,
2026-05-01T19:10:11.365Z,9551.962217,imu,0.818281,0.065945,-1.948659,,,,
2026-05-01T19:10:11.375Z,9551.971949,imu,0.685966,0.089313,-2.711928,,,,
2026-05-01T19:10:11.385Z,9551.981943,imu,0.367538,0.099810,-3.110332,,,,
2026-05-01T19:10:11.395Z,9551.992043,imu,0.167205,0.047692,-3.219656,,,,
2026-05-01T19:10:11.405Z,9552.001865,imu,0.115477,0.100865,-3.031064,,,,
2026-05-01T19:10:11.415Z,9552.011763,imu,0.143188,0.304064,-2.518917,,,,
2026-05-01T19:10:11.425Z,9552.021897,imu,0.202554,0.462610,-1.717015,,,,
2026-05-01T19:10:11.435Z,9552.031677,imu,0.237979,0.557325,-0.823379,,,,
2026-05-01T19:10:11.445Z,9552.041664,imu,0.249534,0.613088,-0.049863,,,,
2026-05-01T19:10:11.455Z,9552.051815,imu,0.233759,0.683988,0.583155,,,,
2026-05-01T19:10:11.465Z,9552.061546,imu,0.154713,0.677443,1.034420,,,,
2026-05-01T19:10:11.475Z,9552.071558,imu,-0.023052,0.590340,1.230359,,,,
2026-05-01T19:10:11.485Z,9552.081667,imu,-0.296644,0.463835,1.269113,,,,
2026-05-01T19:10:11.495Z,9552.091369,imu,-0.543332,0.321043,1.257699,,,,
2026-05-01T19:10:11.505Z,9552.101539,imu,-0.703719,0.170172,1.221966,,,,
2026-05-01T19:10:11.515Z,9552.111663,imu,-0.737244,0.124335,1.164452,,,,
2026-05-01T19:10:11.524Z,9552.121211,imu,-0.630545,0.207887,1.190321,,,,
2026-05-01T19:10:11.534Z,9552.131084,imu,-0.488232,0.323915,1.354308,,,,
2026-05-01T19:10:11.544Z,9552.141166,imu,-0.348273,0.369221,1.712638,,,,
2026-05-01T19:10:11.554Z,9552.151053,imu,-0.190471,0.369475,2.161260,,,,
2026-05-01T19:10:11.564Z,9552.161015,imu,-0.003139,0.348792,2.627881,,,,
2026-05-01T19:10:11.575Z,9552.171350,imu,0.086273,0.269693,3.002935,,,,
2026-05-01T19:10:11.584Z,9552.180898,imu,0.105391,0.161909,3.306145,,,,
2026-05-01T19:10:11.594Z,9552.190795,imu,0.113692,0.054297,3.472480,,,,
2026-05-01T19:10:11.604Z,9552.200988,imu,0.024327,-0.043765,3.553274,,,,
2026-05-01T19:10:11.614Z,9552.210823,imu,-0.182184,-0.171516,3.544448,,,,
2026-05-01T19:10:11.624Z,9552.221176,imu,-0.429959,-0.301305,3.499524,,,,
2026-05-01T19:10:11.634Z,9552.230774,imu,-0.551852,-0.358857,3.404300,,,,
2026-05-01T19:10:11.644Z,9552.240491,imu,-0.500678,-0.383048,3.275522,,,,
2026-05-01T19:10:11.654Z,9552.250570,imu,-0.384496,-0.432972,3.177934,,,,
2026-05-01T19:10:11.664Z,9552.260714,imu,-0.200217,-0.435896,3.100013,,,,
2026-05-01T19:10:11.674Z,9552.270526,imu,-0.018550,-0.472046,2.976074,,,,
2026-05-01T19:10:11.684Z,9552.280385,imu,0.183158,-0.537566,2.797821,,,,
2026-05-01T19:10:11.694Z,9552.290504,imu,0.427016,-0.578538,2.584143,,,,
2026-05-01T19:10:11.704Z,9552.300270,imu,0.570621,-0.601534,2.297948,,,,
2026-05-01T19:10:11.713Z,9552.310158,imu,0.597701,-0.602971,1.999006,,,,
2026-05-01T19:10:11.724Z,9552.320441,imu,0.497957,-0.574478,1.663183,,,,
2026-05-01T19:10:11.733Z,9552.330110,imu,0.250578,-0.529621,1.322024,,,,
2026-05-01T19:10:11.743Z,9552.340075,imu,-0.102910,-0.490163,0.982712,,,,
2026-05-01T19:10:11.753Z,9552.350162,imu,-0.463148,-0.585653,0.551376,,,,
2026-05-01T19:10:11.763Z,9552.359981,imu,-0.728338,-0.823465,-0.012335,,,,
2026-05-01T19:10:11.773Z,9552.369953,imu,-0.813732,-1.022818,-0.723210,,,,
2026-05-01T19:10:11.783Z,9552.379877,imu,-0.731972,-1.150882,-1.607907,,,,
2026-05-01T19:10:11.793Z,9552.389815,imu,-0.579328,-1.284889,-2.489696,,,,
2026-05-01T19:10:11.803Z,9552.399754,imu,-0.402311,-1.447157,-3.197788,,,,
2026-05-01T19:10:11.813Z,9552.409666,imu,-0.313537,-1.548399,-3.710482,,,,
2026-05-01T19:10:11.823Z,9552.419715,imu,-0.256101,-1.506433,-3.891685,,,,
2026-05-01T19:10:11.833Z,9552.429679,imu,-0.218491,-1.148390,-3.542021,,,,
2026-05-01T19:10:11.843Z,9552.439564,imu,-0.154022,-0.617128,-2.580700,,,,
2026-05-01T19:10:11.853Z,9552.449498,imu,0.123633,-0.282459,-1.473763,,,,
2026-05-01T19:10:11.863Z,9552.459425,imu,0.303064,-0.198176,-0.779725,,,,
2026-05-01T19:10:11.873Z,9552.469245,imu,0.264548,-0.135365,-0.368491,,,,
2026-05-01T19:10:11.883Z,9552.479364,imu,0.325044,0.038093,-0.275182,,,,
2026-05-01T19:10:11.893Z,9552.489262,imu,0.431895,0.099519,-0.546040,,,,
2026-05-01T19:10:11.903Z,9552.499281,imu,0.407532,-0.130025,-1.289812,,,,
2026-05-01T19:10:11.912Z,9552.509163,imu,0.208516,-0.315952,-2.501316,,,,
2026-05-01T19:10:11.922Z,9552.519226,imu,0.072654,-0.245715,-3.677139,,,,
2026-05-01T19:10:11.932Z,9552.529179,imu,0.113794,-0.200779,-4.418556,,,,
2026-05-01T19:10:11.942Z,9552.539064,imu,0.242605,-0.083839,-4.493525,,,,
2026-05-01T19:10:11.952Z,9552.548961,imu,0.467802,0.290557,-4.051535,,,,
2026-05-01T19:10:11.962Z,9552.558940,imu,0.802317,0.623209,-3.146640,,,,
2026-05-01T19:10:11.972Z,9552.568856,imu,1.024117,0.765549,-2.046800,,,,
2026-05-01T19:10:11.982Z,9552.578931,imu,1.112094,0.789680,-1.160772,,,,
2026-05-01T19:10:11.992Z,9552.588747,imu,1.070804,0.795238,-0.611383,,,,
2026-05-01T19:10:12.002Z,9552.598685,imu,0.990858,0.766652,-0.333171,,,,
2026-05-01T19:10:12.012Z,9552.608640,imu,0.850037,0.739948,-0.317216,,,,
2026-05-01T19:10:12.022Z,9552.618623,imu,0.671920,0.729911,-0.284500,,,,
2026-05-01T19:10:12.032Z,9552.628540,imu,0.501788,0.680334,-0.278789,,,,
2026-05-01T19:10:12.042Z,9552.638819,imu,0.339535,0.613974,-0.162060,,,,
2026-05-01T19:10:12.052Z,9552.648639,imu,0.197480,0.517131,0.052957,,,,
2026-05-01T19:10:12.062Z,9552.658415,imu,0.133912,0.437798,0.339242,,,,
2026-05-01T19:10:12.072Z,9552.668310,imu,0.105790,0.450323,0.662036,,,,
2026-05-01T19:10:12.078Z,9552.675164,gps,,,,-15.745818,-47.850073,1.247583,2.557224
2026-05-01T19:10:12.082Z,9552.678535,imu,0.084148,0.482388,1.027161,,,,
2026-05-01T19:10:12.091Z,9552.688174,imu,0.131261,0.524316,1.476495,,,,
2026-05-01T19:10:12.101Z,9552.698148,imu,0.216471,0.592959,1.894412,,,,
2026-05-01T19:10:12.111Z,9552.708059,imu,0.255306,0.620149,2.161243,,,,
2026-05-01T19:10:12.121Z,9552.718032,imu,0.268006,0.578500,2.404525,,,,
2026-05-01T19:10:12.131Z,9552.728085,imu,0.218785,0.466883,2.596833,,,,
2026-05-01T19:10:12.141Z,9552.737969,imu,0.053954,0.331334,2.766087,,,,
2026-05-01T19:10:12.151Z,9552.747956,imu,-0.130032,0.213190,2.967675,,,,
2026-05-01T19:10:12.161Z,9552.757892,imu,-0.277337,0.050894,3.104726,,,,
2026-05-01T19:10:12.171Z,9552.767807,imu,-0.463457,-0.153652,3.127112,,,,
2026-05-01T19:10:12.181Z,9552.777881,imu,-0.687577,-0.389468,3.078524,,,,
2026-05-01T19:10:12.191Z,9552.788143,imu,-0.899604,-0.547697,2.898497,,,,
2026-05-01T19:10:12.201Z,9552.797783,imu,-0.969008,-0.617673,2.648128,,,,
2026-05-01T19:10:12.211Z,9552.807575,imu,-0.944161,-0.568997,2.410862,,,,
2026-05-01T19:10:12.221Z,9552.817482,imu,-0.886208,-0.576676,2.261052,,,,
2026-05-01T19:10:12.231Z,9552.827433,imu,-0.787025,-0.663235,2.266303,,,,
2026-05-01T19:10:12.241Z,9552.838010,imu,-0.641218,-0.695642,2.311271,,,,
2026-05-01T19:10:12.251Z,9552.847385,imu,-0.516838,-0.700191,2.278308,,,,
2026-05-01T19:10:12.261Z,9552.857355,imu,-0.378624,-0.638045,2.128669,,,,
2026-05-01T19:10:12.271Z,9552.867287,imu,-0.262229,-0.505813,1.969986,,,,
2026-05-01T19:10:12.281Z,9552.877467,imu,-0.110412,-0.365138,1.678194,,,,
2026-05-01T19:10:12.291Z,9552.887277,imu,0.049471,-0.184983,1.139576,,,,
2026-05-01T19:10:12.300Z,9552.897137,imu,0.130552,0.077079,0.317517,,,,
2026-05-01T19:10:12.311Z,9552.907539,imu,0.064104,0.220030,-0.616651,,,,
2026-05-01T19:10:12.320Z,9552.917051,imu,-0.073683,0.319700,-1.611965,,,,
2026-05-01T19:10:12.330Z,9552.926955,imu,-0.160827,0.418754,-2.390451,,,,
2026-05-01T19:10:12.340Z,9552.936953,imu,-0.121151,0.499366,-2.840453,,,,
2026-05-01T19:10:12.350Z,9552.946878,imu,-0.024655,0.587975,-2.943548,,,,
2026-05-01T19:10:12.360Z,9552.956842,imu,0.073459,0.603979,-2.871741,,,,
2026-05-01T19:10:12.370Z,9552.966793,imu,0.217482,0.680534,-2.627560,,,,
2026-05-01T19:10:12.380Z,9552.976745,imu,0.428150,0.770226,-2.218550,,,,
2026-05-01T19:10:12.390Z,9552.986662,imu,0.705456,0.675095,-1.657823,,,,
2026-05-01T19:10:12.400Z,9552.996669,imu,1.004032,0.499585,-1.037153,,,,
2026-05-01T19:10:12.410Z,9553.006470,imu,1.271811,0.416438,-0.565179,,,,
2026-05-01T19:10:12.420Z,9553.016555,imu,1.364509,0.452181,-0.243620,,,,
2026-05-01T19:10:12.430Z,9553.026324,imu,1.230373,0.519842,-0.254869,,,,
2026-05-01T19:10:12.440Z,9553.036517,imu,0.855385,0.552812,-0.657198,,,,
2026-05-01T19:10:12.449Z,9553.046200,imu,0.476391,0.511176,-1.219725,,,,
2026-05-01T19:10:12.460Z,9553.056262,imu,0.222711,0.602680,-2.132781,,,,
2026-05-01T19:10:12.469Z,9553.066082,imu,-0.019529,0.712431,-3.559264,,,,
2026-05-01T19:10:12.479Z,9553.076121,imu,-0.342712,0.724463,-4.932427,,,,
2026-05-01T19:10:12.489Z,9553.085987,imu,-0.601759,0.634918,-6.066926,,,,
2026-05-01T19:10:12.499Z,9553.096132,imu,-0.772039,0.638410,-6.732683,,,,
2026-05-01T19:10:12.509Z,9553.105891,imu,-1.018610,0.727950,-6.511013,,,,
2026-05-01T19:10:12.519Z,9553.116019,imu,-1.282041,0.798709,-5.228230,,,,
2026-05-01T19:10:12.529Z,9553.125770,imu,-1.417469,0.846191,-3.428115,,,,
2026-05-01T19:10:12.539Z,9553.135897,imu,-1.538011,1.000715,-1.827499,,,,
2026-05-01T19:10:12.549Z,9553.145650,imu,-1.675517,1.183658,-0.424559,,,,
2026-05-01T19:10:12.559Z,9553.155793,imu,-1.913364,1.132753,0.806691,,,,
2026-05-01T19:10:12.569Z,9553.165720,imu,-2.224555,0.889470,1.737091,,,,
2026-05-01T19:10:12.579Z,9553.175638,imu,-2.502128,0.666522,2.148714,,,,
2026-05-01T19:10:12.589Z,9553.185706,imu,-2.646440,0.555674,1.780988,,,,
2026-05-01T19:10:12.599Z,9553.195538,imu,-2.637944,0.549150,0.764617,,,,
2026-05-01T19:10:12.609Z,9553.205783,imu,-2.553192,0.604977,-0.190063,,,,
2026-05-01T19:10:12.619Z,9553.215487,imu,-2.365493,0.640230,-0.648967,,,,
2026-05-01T19:10:12.629Z,9553.225771,imu,-1.968432,0.692842,-0.371525,,,,
2026-05-01T19:10:12.639Z,9553.235391,imu,-1.466307,0.859871,0.384385,,,,
2026-05-01T19:10:12.649Z,9553.245831,imu,-1.123525,1.054993,1.374448,,,,
2026-05-01T19:10:12.659Z,9553.255405,imu,-0.971851,1.123517,2.469715,,,,
2026-05-01T19:10:12.669Z,9553.265605,imu,-1.006218,0.980899,3.396874,,,,
2026-05-01T19:10:12.678Z,9553.275159,imu,-1.081971,0.698158,4.147310,,,,
2026-05-01T19:10:12.689Z,9553.285506,imu,-1.181937,0.543739,4.573246,,,,
2026-05-01T19:10:12.698Z,9553.295096,imu,-1.243290,0.470084,4.713751,,,,
2026-05-01T19:10:12.709Z,9553.305390,imu,-1.214240,0.331759,4.597283,,,,
2026-05-01T19:10:12.718Z,9553.315179,imu,-1.134937,0.256762,4.173653,,,,
2026-05-01T19:10:12.729Z,9553.325286,imu,-1.085370,0.302283,3.598925,,,,
2026-05-01T19:10:12.738Z,9553.334860,imu,-1.053178,0.298996,3.081801,,,,
2026-05-01T19:10:12.749Z,9553.345477,imu,-1.049271,0.202842,2.882881,,,,
2026-05-01T19:10:12.758Z,9553.354738,imu,-1.054763,0.101092,2.967094,,,,
2026-05-01T19:10:12.768Z,9553.365090,imu,-0.966394,0.102926,3.206589,,,,
2026-05-01T19:10:12.778Z,9553.374865,imu,-0.796741,0.195529,3.271957,,,,
2026-05-01T19:10:12.788Z,9553.385019,imu,-0.619458,0.256685,3.128906,,,,
2026-05-01T19:10:12.798Z,9553.394645,imu,-0.494098,0.230610,2.661483,,,,
2026-05-01T19:10:12.809Z,9553.405342,imu,-0.444688,0.184480,1.841118,,,,
2026-05-01T19:10:12.818Z,9553.414529,imu,-0.426183,0.248643,0.894843,,,,
2026-05-01T19:10:12.828Z,9553.424787,imu,-0.478201,0.224472,-0.054381,,,,
2026-05-01T19:10:12.838Z,9553.434647,imu,-0.652843,0.062857,-0.795153,,,,
2026-05-01T19:10:12.848Z,9553.444695,imu,-0.894213,-0.126717,-1.345008,,,,
2026-05-01T19:10:12.858Z,9553.454914,imu,-1.186281,-0.206856,-1.683093,,,,
2026-05-01T19:10:12.868Z,9553.464780,imu,-1.370155,-0.305912,-1.910842,,,,
2026-05-01T19:10:12.877Z,9553.474170,imu,-1.425402,-0.524887,-2.172947,,,,
2026-05-01T19:10:12.887Z,9553.484119,imu,-1.344746,-0.695887,-2.438939,,,,
2026-05-01T19:10:12.898Z,9553.494237,imu,-1.135890,-0.819657,-2.779145,,,,
2026-05-01T19:10:12.908Z,9553.504853,imu,-0.763289,-1.008413,-3.144432,,,,
2026-05-01T19:10:12.917Z,9553.514020,imu,-0.393307,-1.195905,-3.430975,,,,
2026-05-01T19:10:12.927Z,9553.523956,imu,-0.227109,-1.254113,-3.606255,,,,
2026-05-01T19:10:12.937Z,9553.533903,imu,-0.244281,-1.067679,-3.528497,,,,
2026-05-01T19:10:12.947Z,9553.543732,imu,-0.398322,-0.492079,-2.880011,,,,
2026-05-01T19:10:12.957Z,9553.554028,imu,-0.533802,0.074413,-1.952433,,,,
2026-05-01T19:10:12.967Z,9553.563725,imu,-0.674170,0.156660,-1.181255,,,,
2026-05-01T19:10:12.977Z,9553.573627,imu,-0.948502,-0.028425,-0.787385,,,,
2026-05-01T19:10:12.987Z,9553.583772,imu,-1.149438,-0.129054,-0.848951,,,,
2026-05-01T19:10:12.997Z,9553.593567,imu,-1.111459,-0.202203,-1.254385,,,,
2026-05-01T19:10:13.007Z,9553.603540,imu,-0.899218,-0.306017,-1.978367,,,,
2026-05-01T19:10:13.017Z,9553.613623,imu,-0.755256,-0.362132,-2.877016,,,,
2026-05-01T19:10:13.027Z,9553.623455,imu,-0.700868,-0.261522,-3.533974,,,,
2026-05-01T19:10:13.037Z,9553.633328,imu,-0.580777,-0.208205,-3.740865,,,,
2026-05-01T19:10:13.047Z,9553.643634,imu,-0.399427,-0.150698,-3.560531,,,,
2026-05-01T19:10:13.057Z,9553.653411,imu,-0.117802,0.047430,-3.152027,,,,
2026-05-01T19:10:13.066Z,9553.663191,imu,0.265762,0.301906,-2.611795,,,,
2026-05-01T19:10:13.077Z,9553.673322,imu,0.680323,0.474903,-2.124928,,,,
2026-05-01T19:10:13.083Z,9553.679570,gps,,,,-15.745809,-47.850075,1.247583,3.334324
2026-05-01T19:10:13.086Z,9553.683033,imu,0.983897,0.572606,-1.862606,,,,
2026-05-01T19:10:13.097Z,9553.693911,imu,1.051211,0.717199,-1.835515,,,,
2026-05-01T19:10:13.106Z,9553.703139,imu,0.855500,0.823757,-1.817401,,,,
2026-05-01T19:10:13.116Z,9553.712941,imu,0.474480,0.902508,-1.701755,,,,
2026-05-01T19:10:13.126Z,9553.722832,imu,-0.006841,0.979575,-1.399201,,,,
2026-05-01T19:10:13.136Z,9553.733010,imu,-0.404935,0.916326,-0.973925,,,,
2026-05-01T19:10:13.146Z,9553.742692,imu,-0.672661,0.855281,-0.644328,,,,
2026-05-01T19:10:13.156Z,9553.752737,imu,-0.873812,0.867043,-0.332295,,,,
2026-05-01T19:10:13.166Z,9553.762849,imu,-0.956397,0.871980,0.055300,,,,
2026-05-01T19:10:13.176Z,9553.772637,imu,-1.012128,0.921610,0.497976,,,,
2026-05-01T19:10:13.186Z,9553.782548,imu,-1.047175,1.026064,1.046460,,,,
2026-05-01T19:10:13.196Z,9553.792688,imu,-1.009324,1.148428,1.782853,,,,
2026-05-01T19:10:13.206Z,9553.802424,imu,-0.902968,1.245391,2.607459,,,,
2026-05-01T19:10:13.216Z,9553.812703,imu,-0.811561,1.379639,3.292403,,,,
2026-05-01T19:10:13.226Z,9553.822506,imu,-0.683115,1.407327,3.852341,,,,
2026-05-01T19:10:13.236Z,9553.832298,imu,-0.532385,1.230479,4.200493,,,,
2026-05-01T19:10:13.246Z,9553.842247,imu,-0.465485,0.979204,4.110770,,,,
2026-05-01T19:10:13.256Z,9553.852362,imu,-0.497634,0.931229,3.743900,,,,
2026-05-01T19:10:13.265Z,9553.862156,imu,-0.635870,0.756394,3.491110,,,,
2026-05-01T19:10:13.275Z,9553.872085,imu,-0.929029,0.448742,3.144982,,,,
2026-05-01T19:10:13.285Z,9553.882001,imu,-1.210036,0.203955,2.963109,,,,
2026-05-01T19:10:13.295Z,9553.891974,imu,-1.335961,0.056798,2.912347,,,,
2026-05-01T19:10:13.305Z,9553.901928,imu,-1.351161,-0.011236,2.847336,,,,
2026-05-01T19:10:13.316Z,9553.912569,imu,-1.320649,-0.073339,2.754251,,,,
2026-05-01T19:10:13.325Z,9553.921765,imu,-1.229277,-0.093433,2.629209,,,,
2026-05-01T19:10:13.335Z,9553.931780,imu,-1.138614,-0.080876,2.446364,,,,
2026-05-01T19:10:13.345Z,9553.941707,imu,-1.081560,-0.056011,2.098287,,,,
2026-05-01T19:10:13.355Z,9553.951664,imu,-1.023647,-0.009740,1.612446,,,,
2026-05-01T19:10:13.365Z,9553.961621,imu,-0.947413,0.088232,1.001288,,,,
2026-05-01T19:10:13.375Z,9553.971518,imu,-0.894445,0.132598,0.322518,,,,
2026-05-01T19:10:13.385Z,9553.981505,imu,-0.864449,0.145598,-0.203663,,,,
2026-05-01T19:10:13.395Z,9553.991552,imu,-0.833315,0.316859,-0.496312,,,,
2026-05-01T19:10:13.405Z,9554.001405,imu,-0.800765,0.600746,-0.445630,,,,
2026-05-01T19:10:13.415Z,9554.011330,imu,-0.881868,0.845373,-0.231179,,,,
2026-05-01T19:10:13.425Z,9554.021327,imu,-0.996504,1.047047,-0.048431,,,,
2026-05-01T19:10:13.435Z,9554.031267,imu,-1.113931,1.232308,-0.047087,,,,
2026-05-01T19:10:13.444Z,9554.041214,imu,-1.270175,1.199131,-0.418482,,,,
2026-05-01T19:10:13.454Z,9554.051155,imu,-1.482025,0.967112,-1.113539,,,,
2026-05-01T19:10:13.464Z,9554.061112,imu,-1.599708,0.689377,-1.856112,,,,
2026-05-01T19:10:13.475Z,9554.071577,imu,-1.526086,0.321605,-2.671998,,,,
2026-05-01T19:10:13.484Z,9554.081036,imu,-1.311764,0.061313,-3.237850,,,,
2026-05-01T19:10:13.494Z,9554.091020,imu,-1.062524,0.009676,-3.448696,,,,
2026-05-01T19:10:13.504Z,9554.100905,imu,-0.785639,0.218334,-3.335537,,,,
2026-05-01T19:10:13.514Z,9554.111019,imu,-0.507278,0.601864,-3.026791,,,,
2026-05-01T19:10:13.524Z,9554.120889,imu,-0.287132,0.898926,-2.695087,,,,
2026-05-01T19:10:13.534Z,9554.130784,imu,-0.212124,1.233716,-2.494690,,,,
2026-05-01T19:10:13.544Z,9554.140714,imu,-0.263992,1.549990,-2.458406,,,,
2026-05-01T19:10:13.554Z,9554.150633,imu,-0.392607,1.596119,-2.443259,,,,
2026-05-01T19:10:13.564Z,9554.160741,imu,-0.565208,1.409601,-2.512930,,,,
2026-05-01T19:10:13.574Z,9554.170506,imu,-0.664412,1.276570,-2.826456,,,,
2026-05-01T19:10:13.584Z,9554.180441,imu,-0.791256,1.122055,-3.361492,,,,
2026-05-01T19:10:13.594Z,9554.190537,imu,-0.929710,0.971703,-3.939283,,,,
2026-05-01T19:10:13.604Z,9554.200319,imu,-1.083361,1.024764,-4.337337,,,,
2026-05-01T19:10:13.614Z,9554.210325,imu,-1.300068,1.118560,-4.721754,,,,
2026-05-01T19:10:13.624Z,9554.220292,imu,-1.457629,1.100393,-4.747600,,,,
2026-05-01T19:10:13.634Z,9554.230246,imu,-1.395290,1.137906,-4.259576,,,,
2026-05-01T19:10:13.643Z,9554.240193,imu,-1.136768,1.337266,-3.334593,,,,
2026-05-01T19:10:13.653Z,9554.250155,imu,-0.799923,1.563703,-1.953463,,,,
2026-05-01T19:10:13.663Z,9554.260029,imu,-0.438503,1.739094,-0.591865,,,,
2026-05-01T19:10:13.673Z,9554.269975,imu,-0.185192,1.813698,0.533149,,,,
2026-05-01T19:10:13.683Z,9554.279950,imu,-0.166408,1.754468,1.295904,,,,
2026-05-01T19:10:13.693Z,9554.290008,imu,-0.388168,1.602636,1.603823,,,,
2026-05-01T19:10:13.703Z,9554.299861,imu,-0.754191,1.366427,1.641702,,,,
2026-05-01T19:10:13.713Z,9554.309879,imu,-1.231701,1.097397,1.543701,,,,
2026-05-01T19:10:13.723Z,9554.319806,imu,-1.707771,0.852394,1.400218,,,,
2026-05-01T19:10:13.733Z,9554.329740,imu,-2.026098,0.724197,1.445838,,,,
2026-05-01T19:10:13.743Z,9554.339656,imu,-2.122721,0.725299,1.716149,,,,
2026-05-01T19:10:13.753Z,9554.349588,imu,-2.076023,0.762011,2.067586,,,,
2026-05-01T19:10:13.763Z,9554.359653,imu,-1.895577,0.796901,2.520661,,,,
2026-05-01T19:10:13.773Z,9554.369637,imu,-1.536076,0.889540,2.940073,,,,
2026-05-01T19:10:13.783Z,9554.379690,imu,-1.040406,0.975617,3.170138,,,,
2026-05-01T19:10:13.793Z,9554.389467,imu,-0.550144,1.079181,3.296216,,,,
2026-05-01T19:10:13.803Z,9554.399327,imu,-0.257805,1.193864,3.303757,,,,
2026-05-01T19:10:13.813Z,9554.409362,imu,-0.154171,1.107568,3.418926,,,,
2026-05-01T19:10:13.823Z,9554.419309,imu,-0.107528,1.046234,3.319120,,,,
2026-05-01T19:10:13.833Z,9554.429411,imu,-0.179692,1.072660,3.186333,,,,
2026-05-01T19:10:13.842Z,9554.439183,imu,-0.390421,0.949999,3.007305,,,,
2026-05-01T19:10:13.852Z,9554.449170,imu,-0.619425,0.763538,2.630782,,,,
2026-05-01T19:10:13.862Z,9554.459084,imu,-0.801014,0.667516,2.208690,,,,
2026-05-01T19:10:13.873Z,9554.469375,imu,-0.901711,0.562274,1.628607,,,,
2026-05-01T19:10:13.882Z,9554.478962,imu,-0.891453,0.513369,1.078184,,,,
2026-05-01T19:10:13.892Z,9554.489106,imu,-0.837611,0.525167,0.561328,,,,
2026-05-01T19:10:13.902Z,9554.498681,imu,-0.805869,0.550255,0.131745,,,,
2026-05-01T19:10:13.912Z,9554.509198,imu,-0.869837,0.563957,-0.065905,,,,
2026-05-01T19:10:13.922Z,9554.518948,imu,-0.988297,0.572965,0.037602,,,,
2026-05-01T19:10:13.932Z,9554.528774,imu,-1.060641,0.570346,0.247671,,,,
2026-05-01T19:10:13.942Z,9554.538697,imu,-1.081387,0.617330,0.489278,,,,
2026-05-01T19:10:13.952Z,9554.548818,imu,-1.099554,0.681391,0.582116,,,,
2026-05-01T19:10:13.962Z,9554.558484,imu,-1.010995,0.688290,0.373153,,,,
2026-05-01T19:10:13.972Z,9554.568474,imu,-0.772291,0.735177,-0.049570,,,,
2026-05-01T19:10:13.982Z,9554.578573,imu,-0.565727,0.751268,-0.556917,,,,
2026-05-01T19:10:13.992Z,9554.588514,imu,-0.502764,0.630762,-1.087051,,,,
2026-05-01T19:10:14.002Z,9554.598426,imu,-0.537241,0.426911,-1.581557,,,,
2026-05-01T19:10:14.012Z,9554.608343,imu,-0.574604,0.185789,-1.937354,,,,
2026-05-01T19:10:14.021Z,9554.618203,imu,-0.546866,-0.026815,-2.355740,,,,
2026-05-01T19:10:14.032Z,9554.628246,imu,-0.478252,-0.169975,-2.835243,,,,
2026-05-01T19:10:14.042Z,9554.638694,imu,-0.532295,-0.105858,-3.208687,,,,
2026-05-01T19:10:14.051Z,9554.648094,imu,-0.723325,0.164553,-3.335679,,,,
2026-05-01T19:10:14.061Z,9554.658188,imu,-1.066398,0.287572,-3.331716,,,,
2026-05-01T19:10:14.072Z,9554.669050,imu,-1.483987,0.256399,-3.301055,,,,
2026-05-01T19:10:14.077Z,9554.674090,gps,,,,-15.745794,-47.850078,1.494372,4.748652
2026-05-01T19:10:14.081Z,9554.678088,imu,-1.763791,0.233013,-3.227812,,,,
2026-05-01T19:10:14.091Z,9554.688140,imu,-1.689460,0.278981,-3.090676,,,,
2026-05-01T19:10:14.102Z,9554.698260,imu,-1.359415,0.379136,-2.911083,,,,
2026-05-01T19:10:14.111Z,9554.707826,imu,-0.974014,0.342639,-2.610732,,,,
2026-05-01T19:10:14.121Z,9554.717725,imu,-0.577801,0.100967,-2.263598,,,,
2026-05-01T19:10:14.131Z,9554.727933,imu,-0.252731,-0.101835,-2.250690,,,,
2026-05-01T19:10:14.141Z,9554.737422,imu,-0.221125,-0.139364,-2.499222,,,,
2026-05-01T19:10:14.151Z,9554.747555,imu,-0.281376,-0.155703,-2.684785,,,,
2026-05-01T19:10:14.161Z,9554.757708,imu,-0.312391,-0.157157,-2.753368,,,,
2026-05-01T19:10:14.171Z,9554.767535,imu,-0.395459,-0.129116,-2.727997,,,,
2026-05-01T19:10:14.181Z,9554.777373,imu,-0.488115,-0.086898,-2.579856,,,,
2026-05-01T19:10:14.191Z,9554.787686,imu,-0.525570,0.018464,-2.201280,,,,
2026-05-01T19:10:14.201Z,9554.797268,imu,-0.491773,0.127206,-1.572247,,,,
2026-05-01T19:10:14.211Z,9554.807318,imu,-0.346302,0.258094,-0.887755,,,,
2026-05-01T19:10:14.221Z,9554.817477,imu,-0.183858,0.509437,-0.467214,,,,
2026-05-01T19:10:14.231Z,9554.827248,imu,-0.079428,0.750248,-0.246788,,,,
2026-05-01T19:10:14.240Z,9554.837140,imu,-0.043540,0.969114,-0.130807,,,,
2026-05-01T19:10:14.250Z,9554.847162,imu,-0.038490,1.138509,-0.096871,,,,
2026-05-01T19:10:14.260Z,9554.856768,imu,-0.187282,1.199232,-0.032357,,,,
2026-05-01T19:10:14.270Z,9554.866914,imu,-0.381149,1.144744,-0.052187,,,,
2026-05-01T19:10:14.280Z,9554.877005,imu,-0.491221,1.162144,0.022343,,,,
2026-05-01T19:10:14.290Z,9554.886730,imu,-0.528263,1.191409,0.230541,,,,
2026-05-01T19:10:14.300Z,9554.896812,imu,-0.522790,1.181289,0.569501,,,,
2026-05-01T19:10:14.310Z,9554.906761,imu,-0.504939,1.239756,0.963584,,,,
2026-05-01T19:10:14.320Z,9554.916688,imu,-0.486537,1.370488,1.452718,,,,
2026-05-01T19:10:14.330Z,9554.926484,imu,-0.501129,1.497917,2.011854,,,,
2026-05-01T19:10:14.340Z,9554.936803,imu,-0.510642,1.596456,2.614056,,,,
2026-05-01T19:10:14.350Z,9554.946406,imu,-0.504522,1.590150,3.137820,,,,
2026-05-01T19:10:14.360Z,9554.956433,imu,-0.493607,1.535131,3.412881,,,,
2026-05-01T19:10:14.370Z,9554.966456,imu,-0.474448,1.486677,3.438762,,,,
2026-05-01T19:10:14.380Z,9554.976317,imu,-0.502007,1.405050,3.258567,,,,
2026-05-01T19:10:14.389Z,9554.986167,imu,-0.600151,1.230918,2.982424,,,,
2026-05-01T19:10:14.400Z,9554.996272,imu,-0.762815,1.021882,2.739745,,,,
2026-05-01T19:10:14.409Z,9555.006019,imu,-0.953113,0.873263,2.496844,,,,
2026-05-01T19:10:14.419Z,9555.016096,imu,-1.128346,0.817724,2.313287,,,,
2026-05-01T19:10:14.429Z,9555.026092,imu,-1.237203,0.769532,2.185652,,,,
2026-05-01T19:10:14.439Z,9555.035973,imu,-1.323316,0.711750,2.137731,,,,
2026-05-01T19:10:14.449Z,9555.045921,imu,-1.429117,0.700809,2.263583,,,,
2026-05-01T19:10:14.459Z,9555.056063,imu,-1.460002,0.642400,2.466535,,,,
2026-05-01T19:10:14.469Z,9555.065754,imu,-1.450066,0.559017,2.596026,,,,
2026-05-01T19:10:14.479Z,9555.075908,imu,-1.403859,0.472787,2.562849,,,,
2026-05-01T19:10:14.489Z,9555.086016,imu,-1.402467,0.449534,2.370627,,,,
2026-05-01T19:10:14.499Z,9555.095872,imu,-1.412706,0.448744,2.055910,,,,
2026-05-01T19:10:14.509Z,9555.105817,imu,-1.476875,0.395847,1.622328,,,,
2026-05-01T19:10:14.519Z,9555.115650,imu,-1.467333,0.370154,1.116093,,,,
2026-05-01T19:10:14.529Z,9555.125804,imu,-1.383110,0.439290,0.602511,,,,
2026-05-01T19:10:14.539Z,9555.135517,imu,-1.323199,0.518719,0.239492,,,,
2026-05-01T19:10:14.549Z,9555.145944,imu,-1.248484,0.500907,-0.042311,,,,
2026-05-01T19:10:14.559Z,9555.155398,imu,-1.232438,0.576081,-0.225997,,,,
2026-05-01T19:10:14.569Z,9555.165809,imu,-1.239291,0.717877,-0.442440,,,,
2026-05-01T19:10:14.579Z,9555.175336,imu,-1.122678,0.714215,-0.583078,,,,
2026-05-01T19:10:14.589Z,9555.185621,imu,-1.003122,0.569418,-0.820682,,,,
2026-05-01T19:10:14.599Z,9555.195357,imu,-0.939205,0.372636,-1.361743,,,,
2026-05-01T19:10:14.609Z,9555.205435,imu,-0.778499,0.106648,-2.146600,,,,
2026-05-01T19:10:14.618Z,9555.215122,imu,-0.534860,-0.040585,-3.000548,,,,
2026-05-01T19:10:14.629Z,9555.225417,imu,-0.226585,0.003182,-3.623923,,,,
2026-05-01T19:10:14.638Z,9555.235001,imu,0.090978,0.112886,-3.951253,,,,
2026-05-01T19:10:14.649Z,9555.245351,imu,0.204032,0.383711,-3.945466,,,,
2026-05-01T19:10:14.658Z,9555.254877,imu,0.049418,0.740597,-3.472823,,,,
2026-05-01T19:10:14.669Z,9555.265242,imu,-0.215327,0.699257,-2.722650,,,,
2026-05-01T19:10:14.678Z,9555.274670,imu,-0.528974,0.404795,-2.062747,,,,
2026-05-01T19:10:14.688Z,9555.285152,imu,-0.859865,0.324760,-1.700968,,,,
2026-05-01T19:10:14.698Z,9555.294736,imu,-1.194788,0.350505,-1.685167,,,,
2026-05-01T19:10:14.709Z,9555.305231,imu,-1.541269,0.209119,-1.917439,,,,
2026-05-01T19:10:14.718Z,9555.314609,imu,-1.833442,0.052741,-2.339666,,,,
2026-05-01T19:10:14.728Z,9555.324886,imu,-1.876187,0.143303,-2.881595,,,,
2026-05-01T19:10:14.738Z,9555.334484,imu,-1.735973,0.455670,-3.342787,,,,
2026-05-01T19:10:14.748Z,9555.344915,imu,-1.424461,0.735296,-3.390705,,,,
2026-05-01T19:10:14.758Z,9555.354881,imu,-0.999813,1.014864,-3.130146,,,,
2026-05-01T19:10:14.768Z,9555.364656,imu,-0.504502,1.357212,-2.567672,,,,
2026-05-01T19:10:14.778Z,9555.374286,imu,0.040035,1.736363,-1.951865,,,,
2026-05-01T19:10:14.788Z,9555.384644,imu,0.546930,2.059299,-1.377548,,,,
2026-05-01T19:10:14.798Z,9555.394281,imu,0.939356,2.283085,-0.929768,,,,
2026-05-01T19:10:14.808Z,9555.404215,imu,1.012800,2.346632,-0.617314,,,,
2026-05-01T19:10:14.817Z,9555.414067,imu,0.738537,2.290801,-0.350043,,,,
2026-05-01T19:10:14.827Z,9555.424086,imu,0.224017,2.190643,-0.027464,,,,
2026-05-01T19:10:14.837Z,9555.434013,imu,-0.411161,1.942642,0.460102,,,,
2026-05-01T19:10:14.847Z,9555.444208,imu,-1.080316,1.601721,0.756779,,,,
2026-05-01T19:10:14.857Z,9555.453982,imu,-1.808075,1.243363,0.572653,,,,
2026-05-01T19:10:14.867Z,9555.464106,imu,-2.317203,1.057181,0.308594,,,,
2026-05-01T19:10:14.877Z,9555.473779,imu,-2.518163,1.021013,0.143836,,,,
2026-05-01T19:10:14.887Z,9555.483745,imu,-2.495633,0.992412,0.270845,,,,
2026-05-01T19:10:14.897Z,9555.493876,imu,-2.373375,1.017243,0.594997,,,,
2026-05-01T19:10:14.907Z,9555.503695,imu,-2.059501,1.080497,1.016623,,,,
2026-05-01T19:10:14.917Z,9555.513583,imu,-1.735875,1.163369,1.500582,,,,
2026-05-01T19:10:14.927Z,9555.523439,imu,-1.472260,1.238925,1.973817,,,,
2026-05-01T19:10:14.937Z,9555.533324,imu,-1.305915,1.182486,2.269087,,,,
2026-05-01T19:10:14.947Z,9555.543329,imu,-1.236912,1.140369,2.469190,,,,
2026-05-01T19:10:14.957Z,9555.553420,imu,-1.231813,1.230813,2.659203,,,,
2026-05-01T19:10:14.967Z,9555.563504,imu,-1.283755,1.291297,2.791535,,,,
2026-05-01T19:10:14.977Z,9555.573235,imu,-1.289387,1.259770,2.984777,,,,
2026-05-01T19:10:14.987Z,9555.583236,imu,-1.187870,1.297119,3.036351,,,,
2026-05-01T19:10:14.996Z,9555.593144,imu,-1.047538,1.350177,3.025400,,,,
2026-05-01T19:10:15.006Z,9555.603180,imu,-0.956049,1.349883,3.019732,,,,
2026-05-01T19:10:15.016Z,9555.613117,imu,-0.926397,1.361986,2.913192,,,,
2026-05-01T19:10:15.026Z,9555.622983,imu,-0.888327,1.409431,2.807559,,,,
2026-05-01T19:10:15.036Z,9555.632938,imu,-0.885089,1.469261,2.784834,,,,
2026-05-01T19:10:15.046Z,9555.642888,imu,-0.932367,1.415333,2.778207,,,,
2026-05-01T19:10:15.056Z,9555.652975,imu,-0.960891,1.340679,2.639393,,,,
2026-05-01T19:10:15.066Z,9555.662737,imu,-0.995958,1.241610,2.289608,,,,
2026-05-01T19:10:15.076Z,9555.672706,imu,-1.019105,1.163799,1.858037,,,,
2026-05-01T19:10:15.080Z,9555.676379,gps,,,,-15.745780,-47.850074,1.509778,4.748652
2026-05-01T19:10:15.086Z,9555.682674,imu,-1.031206,1.100987,1.442069,,,,
2026-05-01T19:10:15.096Z,9555.692583,imu,-0.986505,1.014055,0.962646,,,,
2026-05-01T19:10:15.106Z,9555.702889,imu,-0.921250,0.972370,0.325140,,,,
2026-05-01T19:10:15.116Z,9555.712514,imu,-0.831287,1.023257,-0.161128,,,,
2026-05-01T19:10:15.126Z,9555.722437,imu,-0.728413,1.124621,-0.471278,,,,
2026-05-01T19:10:15.136Z,9555.732412,imu,-0.636995,1.039081,-0.455309,,,,
2026-05-01T19:10:15.146Z,9555.742346,imu,-0.608953,0.793804,-0.259878,,,,
2026-05-01T19:10:15.156Z,9555.752327,imu,-0.578229,0.503172,-0.175462,,,,
2026-05-01T19:10:15.166Z,9555.762295,imu,-0.491179,0.273666,-0.212569,,,,
2026-05-01T19:10:15.175Z,9555.772205,imu,-0.384314,-0.021451,-0.598997,,,,
2026-05-01T19:10:15.186Z,9555.782208,imu,-0.398869,-0.312187,-1.282929,,,,
2026-05-01T19:10:15.195Z,9555.792128,imu,-0.569183,-0.615551,-2.119468,,,,
2026-05-01T19:10:15.205Z,9555.802060,imu,-0.956154,-0.874974,-2.804270,,,,
2026-05-01T19:10:15.215Z,9555.812020,imu,-1.479440,-0.851617,-3.002641,,,,
2026-05-01T19:10:15.225Z,9555.821939,imu,-1.974568,-0.444622,-2.778635,,,,
2026-05-01T19:10:15.235Z,9555.831977,imu,-2.326147,-0.139452,-2.190626,,,,
2026-05-01T19:10:15.245Z,9555.841862,imu,-2.486386,-0.065505,-1.723621,,,,
2026-05-01T19:10:15.255Z,9555.851798,imu,-2.338195,0.244415,-1.577716,,,,
2026-05-01T19:10:15.265Z,9555.861838,imu,-1.774726,0.546215,-1.621841,,,,
2026-05-01T19:10:15.275Z,9555.871602,imu,-1.034632,0.399203,-2.161281,,,,
2026-05-01T19:10:15.285Z,9555.881688,imu,-0.527995,0.033680,-3.054883,,,,
2026-05-01T19:10:15.295Z,9555.891576,imu,-0.369272,-0.256229,-4.081464,,,,
2026-05-01T19:10:15.305Z,9555.901541,imu,-0.331662,-0.454951,-4.901738,,,,
2026-05-01T19:10:15.315Z,9555.911530,imu,-0.519591,-0.384376,-5.218065,,,,
2026-05-01T19:10:15.325Z,9555.921496,imu,-0.846295,-0.178662,-4.511974,,,,
2026-05-01T19:10:15.335Z,9555.931777,imu,-0.982212,0.025089,-3.112585,,,,
2026-05-01T19:10:15.345Z,9555.941391,imu,-0.837123,0.178384,-1.793420,,,,
2026-05-01T19:10:15.355Z,9555.951339,imu,-0.595743,0.282508,-0.985316,,,,
2026-05-01T19:10:15.365Z,9555.961640,imu,-0.377824,0.421019,-0.571417,,,,
2026-05-01T19:10:15.375Z,9555.971664,imu,-0.263512,0.518828,-0.565538,,,,
2026-05-01T19:10:15.384Z,9555.981023,imu,-0.221367,0.520363,-0.817418,,,,
2026-05-01T19:10:15.395Z,9555.991279,imu,-0.287483,0.597005,-1.198593,,,,
2026-05-01T19:10:15.404Z,9556.001032,imu,-0.327281,0.792273,-1.455844,,,,
2026-05-01T19:10:15.414Z,9556.011004,imu,-0.299842,0.870611,-1.314463,,,,
2026-05-01T19:10:15.424Z,9556.021171,imu,-0.210253,0.833367,-0.907347,,,,
2026-05-01T19:10:15.434Z,9556.030824,imu,-0.041750,0.928647,-0.317197,,,,
2026-05-01T19:10:15.444Z,9556.040835,imu,0.280442,1.132411,0.345925,,,,
2026-05-01T19:10:15.454Z,9556.050939,imu,0.563506,1.266892,0.955201,,,,
2026-05-01T19:10:15.464Z,9556.060771,imu,0.691770,1.281393,1.425001,,,,
2026-05-01T19:10:15.474Z,9556.070736,imu,0.662966,1.269120,1.683886,,,,
2026-05-01T19:10:15.484Z,9556.080888,imu,0.537716,1.290718,1.855585,,,,
2026-05-01T19:10:15.494Z,9556.090548,imu,0.270836,1.322916,2.120371,,,,
2026-05-01T19:10:15.504Z,9556.100548,imu,-0.053621,1.213606,2.422896,,,,
2026-05-01T19:10:15.514Z,9556.110836,imu,-0.331660,1.022121,2.617426,,,,
2026-05-01T19:10:15.524Z,9556.120525,imu,-0.540268,0.894820,2.675012,,,,
2026-05-01T19:10:15.534Z,9556.130444,imu,-0.761419,0.753741,2.684255,,,,
2026-05-01T19:10:15.544Z,9556.140564,imu,-1.005384,0.541510,2.481042,,,,
2026-05-01T19:10:15.554Z,9556.150284,imu,-1.111259,0.290884,2.122668,,,,
2026-05-01T19:10:15.564Z,9556.160252,imu,-1.030525,0.141943,1.680485,,,,
2026-05-01T19:10:15.574Z,9556.170419,imu,-0.850176,0.140006,1.324996,,,,
2026-05-01T19:10:15.584Z,9556.180262,imu,-0.642517,0.142764,1.257343,,,,
2026-05-01T19:10:15.593Z,9556.190073,imu,-0.459847,0.044046,1.457293,,,,
2026-05-01T19:10:15.604Z,9556.200265,imu,-0.353166,-0.045785,1.752456,,,,
2026-05-01T19:10:15.613Z,9556.209819,imu,-0.263458,-0.087486,1.893803,,,,
2026-05-01T19:10:15.623Z,9556.219759,imu,-0.188659,-0.048228,1.824281,,,,
2026-05-01T19:10:15.633Z,9556.230044,imu,-0.120705,0.027109,1.617261,,,,
2026-05-01T19:10:15.643Z,9556.239787,imu,-0.115198,0.109168,1.384622,,,,
2026-05-01T19:10:15.653Z,9556.249728,imu,-0.145942,0.133214,1.067898,,,,
2026-05-01T19:10:15.663Z,9556.259849,imu,-0.227113,0.055089,0.654286,,,,
2026-05-01T19:10:15.673Z,9556.269625,imu,-0.361006,0.021986,0.278527,,,,
2026-05-01T19:10:15.683Z,9556.279644,imu,-0.500578,0.141501,0.013404,,,,
2026-05-01T19:10:15.693Z,9556.289699,imu,-0.745892,0.195292,-0.255279,,,,
2026-05-01T19:10:15.703Z,9556.299534,imu,-1.096660,0.092418,-0.556050,,,,
2026-05-01T19:10:15.713Z,9556.309420,imu,-1.279093,-0.026145,-0.898933,,,,
2026-05-01T19:10:15.723Z,9556.319576,imu,-1.306067,-0.098156,-1.328002,,,,
2026-05-01T19:10:15.733Z,9556.329572,imu,-1.280094,-0.070044,-1.551425,,,,
2026-05-01T19:10:15.743Z,9556.339264,imu,-1.107670,-0.042747,-1.558344,,,,
2026-05-01T19:10:15.753Z,9556.349379,imu,-0.824659,-0.136090,-1.447111,,,,
2026-05-01T19:10:15.762Z,9556.359154,imu,-0.520816,-0.147864,-1.203948,,,,
2026-05-01T19:10:15.772Z,9556.369098,imu,-0.338917,-0.115910,-0.910388,,,,
2026-05-01T19:10:15.783Z,9556.379302,imu,-0.381150,-0.129623,-0.464563,,,,
2026-05-01T19:10:15.792Z,9556.388953,imu,-0.567608,-0.122672,0.057153,,,,
2026-05-01T19:10:15.802Z,9556.398965,imu,-0.756827,-0.114101,0.304055,,,,
2026-05-01T19:10:15.812Z,9556.409052,imu,-0.974916,-0.151821,0.106481,,,,
2026-05-01T19:10:15.822Z,9556.418854,imu,-1.244078,-0.260324,-0.500201,,,,
2026-05-01T19:10:15.832Z,9556.428879,imu,-1.547174,-0.197826,-1.307899,,,,
2026-05-01T19:10:15.842Z,9556.438920,imu,-1.883538,-0.120378,-2.078505,,,,
2026-05-01T19:10:15.852Z,9556.448686,imu,-2.111700,-0.250403,-2.621996,,,,
2026-05-01T19:10:15.862Z,9556.458606,imu,-2.135680,-0.291733,-3.306062,,,,
2026-05-01T19:10:15.873Z,9556.469483,imu,-1.970469,0.043979,-3.936728,,,,
2026-05-01T19:10:15.882Z,9556.478572,imu,-1.654800,0.377001,-4.188815,,,,
2026-05-01T19:10:15.892Z,9556.488424,imu,-1.365286,0.645332,-4.089575,,,,
2026-05-01T19:10:15.902Z,9556.498631,imu,-1.016607,0.961565,-3.608644,,,,
2026-05-01T19:10:15.912Z,9556.508332,imu,-0.649816,1.097309,-2.724744,,,,
2026-05-01T19:10:15.922Z,9556.518321,imu,-0.218875,1.306478,-1.962024,,,,
2026-05-01T19:10:15.932Z,9556.528429,imu,0.176123,1.601357,-1.379958,,,,
2026-05-01T19:10:15.942Z,9556.538517,imu,0.436102,1.801523,-0.957684,,,,
2026-05-01T19:10:15.951Z,9556.548112,imu,0.546114,1.905673,-0.583577,,,,
2026-05-01T19:10:15.962Z,9556.558271,imu,0.478701,1.950642,-0.213145,,,,
2026-05-01T19:10:15.971Z,9556.568130,imu,0.233506,1.899834,-0.107733,,,,
2026-05-01T19:10:15.981Z,9556.578006,imu,-0.163906,1.703276,-0.243768,,,,
2026-05-01T19:10:15.992Z,9556.588627,imu,-0.618561,1.432900,-0.541107,,,,
2026-05-01T19:10:16.001Z,9556.597993,imu,-0.912040,1.228846,-0.894588,,,,
2026-05-01T19:10:16.011Z,9556.607837,imu,-0.955542,1.093040,-0.892323,,,,
2026-05-01T19:10:16.021Z,9556.617799,imu,-0.864857,0.933081,-0.370145,,,,
2026-05-01T19:10:16.031Z,9556.627737,imu,-0.756158,0.842969,0.501341,,,,
2026-05-01T19:10:16.041Z,9556.637821,imu,-0.649005,0.794655,1.485000,,,,
2026-05-01T19:10:16.051Z,9556.647690,imu,-0.560169,0.748074,2.447054,,,,
2026-05-01T19:10:16.061Z,9556.657642,imu,-0.476786,0.692406,3.212819,,,,
2026-05-01T19:10:16.071Z,9556.667869,imu,-0.537744,0.619936,3.716028,,,,
2026-05-01T19:10:16.079Z,9556.675901,gps,,,,-15.745779,-47.850054,1.494372,4.748652
2026-05-01T19:10:16.081Z,9556.677557,imu,-0.654156,0.554581,3.976220,,,,
2026-05-01T19:10:16.091Z,9556.687370,imu,-0.811373,0.469742,4.007842,,,,
2026-05-01T19:10:16.101Z,9556.697419,imu,-1.037254,0.451999,3.852892,,,,
2026-05-01T19:10:16.111Z,9556.707234,imu,-1.217426,0.441470,3.561090,,,,
2026-05-01T19:10:16.120Z,9556.717192,imu,-1.312371,0.355621,3.159459,,,,
2026-05-01T19:10:16.130Z,9556.727147,imu,-1.292864,0.364849,2.710984,,,,
2026-05-01T19:10:16.140Z,9556.737164,imu,-1.199047,0.441645,2.401323,,,,
2026-05-01T19:10:16.150Z,9556.747069,imu,-1.070514,0.560731,2.313305,,,,
2026-05-01T19:10:16.160Z,9556.756931,imu,-0.927235,0.659379,2.391879,,,,
2026-05-01T19:10:16.170Z,9556.766912,imu,-0.864822,0.681963,2.469794,,,,
2026-05-01T19:10:16.180Z,9556.776878,imu,-0.824202,0.647135,2.469126,,,,
2026-05-01T19:10:16.190Z,9556.786836,imu,-0.834103,0.578328,2.317429,,,,
2026-05-01T19:10:16.200Z,9556.796948,imu,-0.974590,0.388332,1.988950,,,,
2026-05-01T19:10:16.210Z,9556.806838,imu,-1.126761,0.136239,1.537757,,,,
2026-05-01T19:10:16.220Z,9556.816878,imu,-1.125149,0.057263,1.131962,,,,
2026-05-01T19:10:16.230Z,9556.826643,imu,-1.065154,0.071551,0.860348,,,,
2026-05-01T19:10:16.240Z,9556.836691,imu,-1.050889,0.058752,0.673539,,,,
2026-05-01T19:10:16.250Z,9556.846528,imu,-1.022976,0.042749,0.602153,,,,
2026-05-01T19:10:16.260Z,9556.856534,imu,-1.020847,-0.012383,0.353196,,,,
2026-05-01T19:10:16.270Z,9556.866376,imu,-1.069194,-0.096381,-0.204228,,,,
2026-05-01T19:10:16.280Z,9556.876411,imu,-1.101282,-0.173348,-1.047822,,,,
2026-05-01T19:10:16.290Z,9556.886306,imu,-1.062408,-0.166233,-1.993075,,,,
2026-05-01T19:10:16.300Z,9556.896265,imu,-0.931603,-0.218915,-2.860029,,,,
2026-05-01T19:10:16.309Z,9556.906183,imu,-0.727201,-0.485509,-3.399496,,,,
2026-05-01T19:10:16.319Z,9556.916187,imu,-0.507545,-0.710564,-3.572221,,,,
2026-05-01T19:10:16.330Z,9556.926212,imu,-0.371242,-0.739670,-3.418061,,,,
2026-05-01T19:10:16.341Z,9556.937994,imu,-0.305689,-0.341319,-2.765933,,,,
2026-05-01T19:10:16.349Z,9556.945948,imu,-0.424670,0.089804,-1.812224,,,,
2026-05-01T19:10:16.359Z,9556.955977,imu,-0.705971,0.128708,-0.993580,,,,
2026-05-01T19:10:16.369Z,9556.965903,imu,-1.134551,-0.012456,-0.542512,,,,
2026-05-01T19:10:16.379Z,9556.975868,imu,-1.477764,0.020973,-0.600929,,,,
2026-05-01T19:10:16.389Z,9556.985843,imu,-1.759389,0.164185,-1.003983,,,,
2026-05-01T19:10:16.399Z,9556.995753,imu,-1.780533,0.039504,-1.572099,,,,
2026-05-01T19:10:16.409Z,9557.005837,imu,-1.497429,-0.262400,-2.429096,,,,
2026-05-01T19:10:16.419Z,9557.015639,imu,-1.069251,-0.343720,-3.339116,,,,
2026-05-01T19:10:16.429Z,9557.025765,imu,-0.495875,-0.352652,-4.076408,,,,
2026-05-01T19:10:16.439Z,9557.035516,imu,0.032293,-0.273324,-4.397172,,,,
2026-05-01T19:10:16.449Z,9557.045714,imu,0.369256,0.042857,-4.024721,,,,
2026-05-01T19:10:16.459Z,9557.055423,imu,0.442943,0.357093,-3.069074,,,,
2026-05-01T19:10:16.469Z,9557.065796,imu,0.225541,0.486412,-1.801363,,,,
2026-05-01T19:10:16.479Z,9557.075259,imu,-0.105681,0.547666,-0.799542,,,,
2026-05-01T19:10:16.489Z,9557.085563,imu,-0.424588,0.512475,-0.332568,,,,
2026-05-01T19:10:16.499Z,9557.095224,imu,-0.722794,0.489981,-0.193509,,,,
2026-05-01T19:10:16.509Z,9557.105432,imu,-0.920772,0.417647,-0.252892,,,,
2026-05-01T19:10:16.518Z,9557.115060,imu,-1.019040,0.396975,-0.347523,,,,
2026-05-01T19:10:16.529Z,9557.125348,imu,-1.011887,0.435355,-0.396149,,,,
2026-05-01T19:10:16.538Z,9557.134958,imu,-0.937917,0.529270,-0.303436,,,,
2026-05-01T19:10:16.549Z,9557.145296,imu,-0.626161,0.690145,0.019679,,,,
2026-05-01T19:10:16.558Z,9557.154991,imu,-0.192142,0.840891,0.269988,,,,
2026-05-01T19:10:16.568Z,9557.165069,imu,0.195327,1.051374,0.498466,,,,
2026-05-01T19:10:16.578Z,9557.174795,imu,0.583277,1.231694,0.820786,,,,
2026-05-01T19:10:16.588Z,9557.185072,imu,0.992023,1.350744,1.237834,,,,
2026-05-01T19:10:16.598Z,9557.194662,imu,1.288626,1.393446,1.593047,,,,
2026-05-01T19:10:16.609Z,9557.205209,imu,1.494811,1.392254,1.780012,,,,
2026-05-01T19:10:16.618Z,9557.214736,imu,1.543147,1.288562,1.905082,,,,
2026-05-01T19:10:16.628Z,9557.224891,imu,1.241744,1.128778,2.008227,,,,
2026-05-01T19:10:16.638Z,9557.234481,imu,0.731735,0.864137,2.299731,,,,
2026-05-01T19:10:16.648Z,9557.244773,imu,0.235179,0.559893,2.470050,,,,
2026-05-01T19:10:16.658Z,9557.255018,imu,-0.176114,0.330471,2.453805,,,,
2026-05-01T19:10:16.668Z,9557.264790,imu,-0.558112,0.187535,2.462299,,,,
2026-05-01T19:10:16.678Z,9557.274261,imu,-0.859915,-0.017975,2.529170,,,,
2026-05-01T19:10:16.687Z,9557.284165,imu,-1.092236,-0.274687,2.697443,,,,
2026-05-01T19:10:16.698Z,9557.294207,imu,-1.253289,-0.482577,2.925526,,,,
2026-05-01T19:10:16.708Z,9557.305051,imu,-1.268831,-0.682219,3.128283,,,,
2026-05-01T19:10:16.717Z,9557.314130,imu,-1.159767,-0.862680,3.086110,,,,
2026-05-01T19:10:16.727Z,9557.323968,imu,-0.893464,-0.862891,2.731753,,,,
2026-05-01T19:10:16.737Z,9557.333864,imu,-0.549748,-0.766439,2.186367,,,,
2026-05-01T19:10:16.747Z,9557.343861,imu,-0.214952,-0.721435,1.631892,,,,
2026-05-01T19:10:16.758Z,9557.354464,imu,0.043526,-0.626019,1.155966,,,,
2026-05-01T19:10:16.767Z,9557.363855,imu,0.207877,-0.487544,0.703348,,,,
2026-05-01T19:10:16.777Z,9557.373702,imu,0.223227,-0.441003,0.268709,,,,
2026-05-01T19:10:16.787Z,9557.383621,imu,0.091310,-0.365406,-0.199730,,,,
2026-05-01T19:10:16.797Z,9557.393646,imu,-0.196510,-0.197469,-0.581451,,,,
2026-05-01T19:10:16.807Z,9557.403804,imu,-0.435816,-0.011945,-0.758653,,,,
2026-05-01T19:10:16.817Z,9557.413504,imu,-0.620445,0.142517,-0.835860,,,,
2026-05-01T19:10:16.827Z,9557.423427,imu,-0.878399,0.212338,-0.932072,,,,
2026-05-01T19:10:16.837Z,9557.433556,imu,-1.024812,0.195520,-1.133288,,,,
2026-05-01T19:10:16.847Z,9557.443317,imu,-1.054608,0.145010,-1.346068,,,,
2026-05-01T19:10:16.857Z,9557.453340,imu,-0.954687,0.118743,-1.580623,,,,
2026-05-01T19:10:16.867Z,9557.463359,imu,-0.783509,-0.035502,-1.931885,,,,
2026-05-01T19:10:16.876Z,9557.473087,imu,-0.631776,-0.206761,-2.194930,,,,
2026-05-01T19:10:16.886Z,9557.483101,imu,-0.294930,-0.315896,-2.298878,,,,
2026-05-01T19:10:16.897Z,9557.493230,imu,0.165564,-0.299664,-2.251655,,,,
2026-05-01T19:10:16.906Z,9557.502964,imu,0.430228,-0.173308,-1.950122,,,,
2026-05-01T19:10:16.916Z,9557.512921,imu,0.576706,0.182609,-1.462307,,,,
2026-05-01T19:10:16.927Z,9557.523245,imu,0.699019,0.571065,-1.008744,,,,
2026-05-01T19:10:16.936Z,9557.532833,imu,0.722612,0.737702,-0.711330,,,,
2026-05-01T19:10:16.946Z,9557.542739,imu,0.504442,0.708965,-0.615334,,,,
2026-05-01T19:10:16.956Z,9557.552953,imu,-0.019975,0.664084,-0.983750,,,,
2026-05-01T19:10:16.966Z,9557.562692,imu,-0.704807,0.543691,-1.566166,,,,
2026-05-01T19:10:16.976Z,9557.572658,imu,-1.285197,0.231427,-2.075676,,,,
2026-05-01T19:10:16.986Z,9557.582771,imu,-1.728940,-0.086572,-2.505552,,,,
2026-05-01T19:10:16.996Z,9557.592523,imu,-2.106385,-0.087897,-3.035979,,,,
2026-05-01T19:10:17.006Z,9557.602427,imu,-2.347372,-0.021676,-3.318033,,,,
2026-05-01T19:10:17.016Z,9557.612643,imu,-2.356533,-0.004423,-3.203184,,,,
2026-05-01T19:10:17.026Z,9557.622271,imu,-1.989200,0.233138,-2.978353,,,,
2026-05-01T19:10:17.036Z,9557.632265,imu,-1.342702,0.637000,-2.564386,,,,
2026-05-01T19:10:17.046Z,9557.642682,imu,-0.767900,0.944123,-1.894077,,,,
2026-05-01T19:10:17.056Z,9557.652479,imu,-0.437639,1.182288,-1.080298,,,,
2026-05-01T19:10:17.066Z,9557.662466,imu,-0.234049,1.344289,-0.208791,,,,
2026-05-01T19:10:17.076Z,9557.672691,imu,-0.178506,1.416838,0.553913,,,,
2026-05-01T19:10:17.086Z,9557.682326,imu,-0.387323,1.382354,1.057651,,,,
2026-05-01T19:10:17.092Z,9557.688553,gps,,,,-15.745797,-47.850042,1.487734,4.748652
2026-05-01T19:10:17.095Z,9557.691963,imu,-0.795265,1.099718,1.217806,,,,
2026-05-01T19:10:17.105Z,9557.702032,imu,-1.204698,0.747789,1.266195,,,,
2026-05-01T19:10:17.115Z,9557.711866,imu,-1.537298,0.390961,1.251821,,,,
2026-05-01T19:10:17.126Z,9557.722474,imu,-1.701173,0.125453,1.281279,,,,
2026-05-01T19:10:17.135Z,9557.731866,imu,-1.647957,0.006548,1.355008,,,,
2026-05-01T19:10:17.145Z,9557.741644,imu,-1.544538,-0.051921,1.526906,,,,
2026-05-01T19:10:17.155Z,9557.751643,imu,-1.380354,-0.021346,1.907834,,,,
2026-05-01T19:10:17.165Z,9557.761733,imu,-1.197118,0.057656,2.355008,,,,
2026-05-01T19:10:17.176Z,9557.772221,imu,-1.025736,0.138616,2.677217,,,,
2026-05-01T19:10:17.185Z,9557.781462,imu,-0.802002,0.227976,2.926122,,,,
2026-05-01T19:10:17.195Z,9557.791697,imu,-0.657223,0.229807,3.057885,,,,
2026-05-01T19:10:17.205Z,9557.801374,imu,-0.639916,0.103577,3.195343,,,,
2026-05-01T19:10:17.215Z,9557.811450,imu,-0.652316,-0.040005,3.259774,,,,
2026-05-01T19:10:17.225Z,9557.821986,imu,-0.723009,-0.172250,3.289065,,,,
2026-05-01T19:10:17.235Z,9557.831266,imu,-0.807822,-0.271678,3.405302,,,,
2026-05-01T19:10:17.244Z,9557.841184,imu,-0.838639,-0.292320,3.477972,,,,
2026-05-01T19:10:17.255Z,9557.851336,imu,-0.731554,-0.276338,3.395780,,,,
2026-05-01T19:10:17.265Z,9557.861282,imu,-0.631635,-0.130657,3.136049,,,,
2026-05-01T19:10:17.275Z,9557.871706,imu,-0.475632,0.025127,2.717896,,,,
2026-05-01T19:10:17.285Z,9557.881206,imu,-0.322657,0.034412,2.022512,,,,
2026-05-01T19:10:17.294Z,9557.890981,imu,-0.289321,0.048972,1.382364,,,,
2026-05-01T19:10:17.304Z,9557.900908,imu,-0.315490,0.084107,0.768825,,,,
2026-05-01T19:10:17.315Z,9557.911346,imu,-0.444167,-0.007276,0.355389,,,,
2026-05-01T19:10:17.326Z,9557.922394,imu,-0.704908,-0.215099,0.192254,,,,
2026-05-01T19:10:17.334Z,9557.930804,imu,-0.959033,-0.353746,0.148405,,,,
2026-05-01T19:10:17.344Z,9557.940844,imu,-1.118415,-0.319384,0.143123,,,,
2026-05-01T19:10:17.354Z,9557.950577,imu,-1.066612,-0.216840,0.073490,,,,
2026-05-01T19:10:17.364Z,9557.960540,imu,-0.881460,-0.154748,-0.122294,,,,
2026-05-01T19:10:17.374Z,9557.970865,imu,-0.697279,-0.140284,-0.410237,,,,
2026-05-01T19:10:17.384Z,9557.980679,imu,-0.489353,-0.272957,-0.955183,,,,
2026-05-01T19:10:17.394Z,9557.990601,imu,-0.240020,-0.502235,-1.826192,,,,
2026-05-01T19:10:17.404Z,9558.000647,imu,0.005861,-0.619988,-2.788980,,,,
2026-05-01T19:10:17.414Z,9558.010445,imu,0.282911,-0.534227,-3.502000,,,,
2026-05-01T19:10:17.424Z,9558.020430,imu,0.447109,-0.315195,-3.710336,,,,
2026-05-01T19:10:17.434Z,9558.030498,imu,0.343166,0.139943,-3.298323,,,,
2026-05-01T19:10:17.444Z,9558.040323,imu,0.096539,0.380697,-2.560696,,,,
2026-05-01T19:10:17.453Z,9558.050179,imu,-0.222466,0.409194,-1.713804,,,,
2026-05-01T19:10:17.464Z,9558.060231,imu,-0.533177,0.709311,-1.012511,,,,
2026-05-01T19:10:17.473Z,9558.070070,imu,-0.765368,0.730196,-0.779321,,,,
2026-05-01T19:10:17.483Z,9558.079983,imu,-0.918898,0.249058,-1.259765,,,,
2026-05-01T19:10:17.493Z,9558.090143,imu,-0.821917,-0.293588,-2.682530,,,,
2026-05-01T19:10:17.503Z,9558.099905,imu,-0.582590,-0.458483,-4.456880,,,,
2026-05-01T19:10:17.513Z,9558.109914,imu,-0.338734,-0.372019,-5.523189,,,,
2026-05-01T19:10:17.523Z,9558.120077,imu,-0.031614,-0.367426,-5.524128,,,,
2026-05-01T19:10:17.533Z,9558.129858,imu,0.273727,-0.196882,-4.934195,,,,
2026-05-01T19:10:17.543Z,9558.139717,imu,0.493289,0.161543,-3.779852,,,,
2026-05-01T19:10:17.553Z,9558.149870,imu,0.706032,0.361791,-2.399116,,,,
2026-05-01T19:10:17.563Z,9558.159632,imu,0.787450,0.416450,-1.298791,,,,
2026-05-01T19:10:17.573Z,9558.169631,imu,0.628681,0.479822,-0.589147,,,,
2026-05-01T19:10:17.583Z,9558.179783,imu,0.368679,0.395232,-0.226094,,,,
2026-05-01T19:10:17.593Z,9558.189543,imu,0.175662,0.332845,-0.117643,,,,
2026-05-01T19:10:17.603Z,9558.199454,imu,0.039235,0.426803,-0.105327,,,,
2026-05-01T19:10:17.613Z,9558.209413,imu,0.072802,0.521536,-0.074612,,,,
2026-05-01T19:10:17.623Z,9558.219318,imu,0.188502,0.622594,-0.016823,,,,
2026-05-01T19:10:17.633Z,9558.229552,imu,0.318115,0.744313,0.184318,,,,
2026-05-01T19:10:17.642Z,9558.239127,imu,0.571384,0.922855,0.556971,,,,
2026-05-01T19:10:17.652Z,9558.249096,imu,0.860410,1.086875,0.933360,,,,
2026-05-01T19:10:17.662Z,9558.259011,imu,0.990202,1.173890,1.357430,,,,
2026-05-01T19:10:17.672Z,9558.269154,imu,1.149404,1.255412,1.851265,,,,
2026-05-01T19:10:17.682Z,9558.278981,imu,1.376154,1.273805,2.349245,,,,
2026-05-01T19:10:17.692Z,9558.288879,imu,1.576084,1.296992,2.824283,,,,
2026-05-01T19:10:17.702Z,9558.298945,imu,1.621422,1.249424,3.119951,,,,
2026-05-01T19:10:17.712Z,9558.308737,imu,1.485706,1.095863,3.289675,,,,
2026-05-01T19:10:17.722Z,9558.318883,imu,1.061555,0.821659,3.239528,,,,
2026-05-01T19:10:17.732Z,9558.328921,imu,0.435482,0.455210,3.130729,,,,
2026-05-01T19:10:17.742Z,9558.338532,imu,-0.177174,0.145810,2.986855,,,,
2026-05-01T19:10:17.752Z,9558.348637,imu,-0.683608,-0.120970,2.864666,,,,
2026-05-01T19:10:17.762Z,9558.358566,imu,-1.084371,-0.396040,2.859608,,,,
2026-05-01T19:10:17.772Z,9558.368526,imu,-1.270284,-0.716465,2.908382,,,,
2026-05-01T19:10:17.782Z,9558.378541,imu,-1.277168,-0.932098,2.938045,,,,
2026-05-01T19:10:17.792Z,9558.388497,imu,-1.008488,-0.972093,2.918147,,,,
2026-05-01T19:10:17.802Z,9558.398411,imu,-0.524914,-0.914730,2.716105,,,,
2026-05-01T19:10:17.812Z,9558.408432,imu,-0.017661,-0.789324,2.357397,,,,
2026-05-01T19:10:17.822Z,9558.418284,imu,0.318864,-0.657087,1.991326,,,,
2026-05-01T19:10:17.832Z,9558.428433,imu,0.476665,-0.616894,1.638070,,,,
2026-05-01T19:10:17.842Z,9558.438341,imu,0.404119,-0.598629,1.198165,,,,
2026-05-01T19:10:17.851Z,9558.448145,imu,0.148079,-0.611157,0.592014,,,,
2026-05-01T19:10:17.861Z,9558.458073,imu,-0.127952,-0.645085,-0.124668,,,,
2026-05-01T19:10:17.872Z,9558.469066,imu,-0.434101,-0.663666,-0.978797,,,,
2026-05-01T19:10:17.881Z,9558.478106,imu,-0.724001,-0.607610,-1.794444,,,,
2026-05-01T19:10:17.892Z,9558.488328,imu,-0.985751,-0.452044,-2.252398,,,,
2026-05-01T19:10:17.901Z,9558.497859,imu,-1.214554,-0.288549,-2.302232,,,,
2026-05-01T19:10:17.911Z,9558.507844,imu,-1.334278,-0.107316,-2.032413,,,,
2026-05-01T19:10:17.921Z,9558.517735,imu,-1.267021,0.017831,-1.634340,,,,
2026-05-01T19:10:17.931Z,9558.527748,imu,-1.153242,0.096930,-1.348675,,,,
2026-05-01T19:10:17.941Z,9558.537694,imu,-0.977462,0.155109,-1.179524,,,,
2026-05-01T19:10:17.951Z,9558.547595,imu,-0.730465,0.079528,-1.190187,,,,
2026-05-01T19:10:17.961Z,9558.557516,imu,-0.444738,-0.102834,-1.233012,,,,
2026-05-01T19:10:17.971Z,9558.567549,imu,-0.133619,-0.324359,-1.240759,,,,
2026-05-01T19:10:17.981Z,9558.577418,imu,0.154618,-0.455035,-1.202075,,,,
2026-05-01T19:10:17.991Z,9558.587446,imu,0.274037,-0.410104,-1.006280,,,,
2026-05-01T19:10:18.001Z,9558.597411,imu,0.447573,-0.124190,-0.666819,,,,
2026-05-01T19:10:18.010Z,9558.607097,imu,0.629394,0.100445,-0.340876,,,,
2026-05-01T19:10:18.020Z,9558.617168,imu,0.619036,0.140430,-0.163242,,,,
2026-05-01T19:10:18.031Z,9558.627303,imu,0.377627,0.245048,-0.258265,,,,
2026-05-01T19:10:18.040Z,9558.637148,imu,0.076610,0.389032,-0.475848,,,,
2026-05-01T19:10:18.051Z,9558.647237,imu,-0.349140,0.374527,-0.689867,,,,
2026-05-01T19:10:18.060Z,9558.657034,imu,-0.894949,0.246447,-0.808158,,,,
2026-05-01T19:10:18.070Z,9558.667017,imu,-1.377550,0.098355,-0.929385,,,,
2026-05-01T19:10:18.080Z,9558.676757,imu,-1.813482,-0.051019,-1.097907,,,,
2026-05-01T19:10:18.090Z,9558.686336,gps,,,,-15.745812,-47.850037,1.493148,4.748652
2026-05-01T19:10:18.090Z,9558.686795,imu,-2.254893,-0.189999,-1.336519,,,,
2026-05-01T19:10:18.100Z,9558.697026,imu,-2.480924,-0.234636,-1.770282,,,,
2026-05-01T19:10:18.110Z,9558.706677,imu,-2.394010,-0.065356,-2.470282,,,,
2026-05-01T19:10:18.120Z,9558.716748,imu,-2.041601,0.252017,-3.126855,,,,
2026-05-01T19:10:18.130Z,9558.726783,imu,-1.570343,0.525556,-3.278490,,,,
2026-05-01T19:10:18.140Z,9558.736695,imu,-1.040820,0.801170,-2.810197,,,,
2026-05-01T19:10:18.150Z,9558.746474,imu,-0.460331,1.126186,-1.897861,,,,
2026-05-01T19:10:18.160Z,9558.756528,imu,0.109568,1.439244,-0.692691,,,,
2026-05-01T19:10:18.170Z,9558.766407,imu,0.528368,1.627476,0.544638,,,,
2026-05-01T19:10:18.180Z,9558.776521,imu,0.691361,1.647513,1.502677,,,,
2026-05-01T19:10:18.190Z,9558.786246,imu,0.571131,1.606761,2.024399,,,,
2026-05-01T19:10:18.200Z,9558.796346,imu,0.284255,1.400505,2.016917,,,,
2026-05-01T19:10:18.209Z,9558.806130,imu,-0.043429,1.117269,1.439773,,,,
2026-05-01T19:10:18.219Z,9558.816145,imu,-0.280195,0.869623,0.669216,,,,
2026-05-01T19:10:18.229Z,9558.825988,imu,-0.331877,0.681531,0.052443,,,,
2026-05-01T19:10:18.239Z,9558.836109,imu,-0.242364,0.483800,-0.163178,,,,
2026-05-01T19:10:18.249Z,9558.846076,imu,-0.137332,0.373286,0.097702,,,,
2026-05-01T19:10:18.259Z,9558.856048,imu,-0.026589,0.364874,0.802034,,,,
2026-05-01T19:10:18.269Z,9558.865929,imu,0.014490,0.387695,1.859034,,,,
2026-05-01T19:10:18.279Z,9558.875991,imu,0.027700,0.321636,3.003598,,,,
2026-05-01T19:10:18.289Z,9558.885768,imu,0.049122,0.135478,3.780233,,,,
2026-05-01T19:10:18.299Z,9558.895817,imu,0.020623,-0.091281,4.151659,,,,
2026-05-01T19:10:18.309Z,9558.905711,imu,-0.044442,-0.269605,4.120644,,,,
2026-05-01T19:10:18.319Z,9558.915619,imu,-0.096290,-0.386461,3.669042,,,,
2026-05-01T19:10:18.330Z,9558.926242,imu,-0.195404,-0.497595,3.071204,,,,
2026-05-01T19:10:18.339Z,9558.935454,imu,-0.364351,-0.592430,2.616549,,,,
2026-05-01T19:10:18.349Z,9558.946035,imu,-0.625367,-0.671800,2.356443,,,,
2026-05-01T19:10:18.359Z,9558.955367,imu,-0.892582,-0.761228,2.203628,,,,
2026-05-01T19:10:18.369Z,9558.965663,imu,-1.011257,-0.809866,2.143168,,,,
2026-05-01T19:10:18.379Z,9558.975367,imu,-0.980593,-0.777706,2.146047,,,,
2026-05-01T19:10:18.389Z,9558.985715,imu,-0.855848,-0.666442,2.254243,,,,
2026-05-01T19:10:18.399Z,9558.995456,imu,-0.580309,-0.658578,2.344883,,,,
2026-05-01T19:10:18.409Z,9559.005437,imu,-0.320203,-0.702111,2.217911,,,,
2026-05-01T19:10:18.418Z,9559.015133,imu,-0.235550,-0.714826,1.876530,,,,
2026-05-01T19:10:18.429Z,9559.025491,imu,-0.305680,-0.709741,1.440837,,,,
2026-05-01T19:10:18.438Z,9559.035048,imu,-0.505079,-0.670251,1.030363,,,,
2026-05-01T19:10:18.449Z,9559.045527,imu,-0.882690,-0.695850,0.662077,,,,
2026-05-01T19:10:18.458Z,9559.055057,imu,-1.207052,-0.823409,0.157663,,,,
2026-05-01T19:10:18.469Z,9559.065299,imu,-1.401353,-0.891932,-0.590437,,,,
2026-05-01T19:10:18.478Z,9559.074872,imu,-1.473470,-0.879938,-1.444705,,,,
2026-05-01T19:10:18.489Z,9559.085404,imu,-1.425001,-0.963709,-2.278318,,,,
2026-05-01T19:10:18.498Z,9559.094795,imu,-1.234905,-1.040298,-3.162159,,,,
2026-05-01T19:10:18.509Z,9559.105390,imu,-0.827367,-1.075070,-3.864482,,,,
2026-05-01T19:10:18.518Z,9559.114848,imu,-0.290766,-1.069555,-4.311296,,,,
2026-05-01T19:10:18.528Z,9559.125145,imu,0.205877,-0.809786,-4.362865,,,,
2026-05-01T19:10:18.538Z,9559.134535,imu,0.527743,-0.312978,-3.793517,,,,
2026-05-01T19:10:18.549Z,9559.145234,imu,0.538256,0.298764,-2.622629,,,,
2026-05-01T19:10:18.558Z,9559.154496,imu,0.350203,0.681750,-1.312068,,,,
2026-05-01T19:10:18.568Z,9559.164844,imu,-0.000971,0.773545,-0.375821,,,,
2026-05-01T19:10:18.578Z,9559.174508,imu,-0.498266,0.760747,0.195454,,,,
2026-05-01T19:10:18.588Z,9559.184751,imu,-0.872323,0.686488,0.409402,,,,
2026-05-01T19:10:18.598Z,9559.194309,imu,-1.099609,0.480197,0.193524,,,,
2026-05-01T19:10:18.608Z,9559.204759,imu,-1.339632,0.135923,-0.451164,,,,
2026-05-01T19:10:18.617Z,9559.214137,imu,-1.548777,-0.276977,-1.634662,,,,
2026-05-01T19:10:18.627Z,9559.224097,imu,-1.628198,-0.380126,-2.865579,,,,
2026-05-01T19:10:18.638Z,9559.234276,imu,-1.590484,-0.087599,-3.596755,,,,
2026-05-01T19:10:18.647Z,9559.244055,imu,-1.318488,0.193417,-3.629381,,,,
2026-05-01T19:10:18.657Z,9559.254027,imu,-0.919175,0.540175,-3.092920,,,,
2026-05-01T19:10:18.667Z,9559.264165,imu,-0.511656,0.961008,-2.193877,,,,
2026-05-01T19:10:18.677Z,9559.273820,imu,-0.080432,1.256571,-1.196305,,,,
2026-05-01T19:10:18.687Z,9559.283805,imu,0.305759,1.423057,-0.484730,,,,
2026-05-01T19:10:18.697Z,9559.293885,imu,0.592382,1.537500,-0.193879,,,,
2026-05-01T19:10:18.707Z,9559.303701,imu,0.676169,1.592005,-0.256263,,,,
2026-05-01T19:10:18.717Z,9559.313610,imu,0.551727,1.536353,-0.464948,,,,
2026-05-01T19:10:18.727Z,9559.323804,imu,0.372537,1.413694,-0.703598,,,,
2026-05-01T19:10:18.737Z,9559.333488,imu,0.213552,1.315273,-0.898907,,,,
2026-05-01T19:10:18.747Z,9559.343470,imu,0.170209,1.210196,-0.952147,,,,
2026-05-01T19:10:18.757Z,9559.353584,imu,0.191306,1.077342,-0.828239,,,,
2026-05-01T19:10:18.767Z,9559.363612,imu,0.255222,1.016342,-0.416135,,,,
2026-05-01T19:10:18.777Z,9559.373308,imu,0.345525,1.008095,0.336847,,,,
2026-05-01T19:10:18.787Z,9559.383428,imu,0.368603,0.966326,1.193560,,,,
2026-05-01T19:10:18.796Z,9559.393109,imu,0.291039,0.945959,2.014860,,,,
2026-05-01T19:10:18.806Z,9559.403168,imu,0.170449,0.859439,2.709376,,,,
2026-05-01T19:10:18.817Z,9559.413265,imu,0.042505,0.646827,3.146453,,,,
2026-05-01T19:10:18.826Z,9559.423045,imu,-0.029795,0.499009,3.196505,,,,
2026-05-01T19:10:18.836Z,9559.432959,imu,-0.184700,0.373387,2.897881,,,,
2026-05-01T19:10:18.846Z,9559.443088,imu,-0.532684,0.078563,2.540849,,,,
2026-05-01T19:10:18.856Z,9559.452834,imu,-0.890077,-0.320061,2.270392,,,,
2026-05-01T19:10:18.866Z,9559.462901,imu,-1.196533,-0.667772,1.970344,,,,
2026-05-01T19:10:18.876Z,9559.472941,imu,-1.541797,-0.933331,1.712234,,,,
2026-05-01T19:10:18.886Z,9559.482732,imu,-1.812486,-1.134953,1.659589,,,,
2026-05-01T19:10:18.896Z,9559.492612,imu,-1.892847,-1.277036,1.679165,,,,
2026-05-01T19:10:18.906Z,9559.502806,imu,-1.812021,-1.272166,1.797498,,,,
2026-05-01T19:10:18.916Z,9559.512687,imu,-1.541671,-1.159474,1.760360,,,,
2026-05-01T19:10:18.926Z,9559.522535,imu,-1.139276,-1.056079,1.545839,,,,
2026-05-01T19:10:18.936Z,9559.532652,imu,-0.875746,-0.923134,1.283706,,,,
2026-05-01T19:10:18.946Z,9559.542372,imu,-0.801877,-0.829870,1.029236,,,,
2026-05-01T19:10:18.956Z,9559.552381,imu,-0.798640,-0.841919,0.835149,,,,
2026-05-01T19:10:18.966Z,9559.562531,imu,-0.796093,-0.794150,0.590178,,,,
2026-05-01T19:10:18.976Z,9559.572410,imu,-0.851342,-0.701195,0.320465,,,,
2026-05-01T19:10:18.986Z,9559.582261,imu,-0.905359,-0.541001,0.063142,,,,
2026-05-01T19:10:18.995Z,9559.592147,imu,-0.961829,-0.222448,-0.144195,,,,
2026-05-01T19:10:19.005Z,9559.602017,imu,-0.946737,0.176272,-0.287011,,,,
2026-05-01T19:10:19.016Z,9559.612394,imu,-0.885521,0.468681,-0.427255,,,,
2026-05-01T19:10:19.025Z,9559.622115,imu,-0.775810,0.599082,-0.772145,,,,
2026-05-01T19:10:19.035Z,9559.631869,imu,-0.709675,0.698735,-1.251554,,,,
2026-05-01T19:10:19.045Z,9559.641939,imu,-0.699192,0.759056,-1.814143,,,,
2026-05-01T19:10:19.055Z,9559.652106,imu,-0.634537,0.671378,-2.138221,,,,
2026-05-01T19:10:19.065Z,9559.661924,imu,-0.569428,0.504564,-2.269328,,,,
2026-05-01T19:10:19.076Z,9559.672195,imu,-0.575222,0.412099,-2.229150,,,,
2026-05-01T19:10:19.085Z,9559.682095,imu,-0.588611,0.295351,-1.926837,,,,
2026-05-01T19:10:19.094Z,9559.690922,gps,,,,-15.745824,-47.850028,1.541129,4.748652
2026-05-01T19:10:19.095Z,9559.691608,imu,-0.514973,0.395481,-1.215371,,,,
2026-05-01T19:10:19.105Z,9559.701646,imu,-0.281007,0.675215,-0.374373,,,,
2026-05-01T19:10:19.115Z,9559.712166,imu,0.107206,0.792020,0.316445,,,,
2026-05-01T19:10:19.125Z,9559.721871,imu,0.556544,0.809306,0.730863,,,,
2026-05-01T19:10:19.135Z,9559.731427,imu,0.824989,0.909491,0.876269,,,,
2026-05-01T19:10:19.145Z,9559.741684,imu,0.904208,0.937569,0.721269,,,,
2026-05-01T19:10:19.155Z,9559.751397,imu,0.790610,0.877260,0.280846,,,,
2026-05-01T19:10:19.165Z,9559.761589,imu,0.531983,0.805647,-0.278525,,,,
2026-05-01T19:10:19.175Z,9559.771362,imu,0.226804,0.719631,-1.088009,,,,
2026-05-01T19:10:19.185Z,9559.781288,imu,-0.194405,0.551139,-2.064699,,,,
2026-05-01T19:10:19.194Z,9559.791127,imu,-0.683713,0.388479,-3.026063,,,,
2026-05-01T19:10:19.205Z,9559.801275,imu,-1.177409,0.230332,-3.990218,,,,
2026-05-01T19:10:19.214Z,9559.811034,imu,-1.485799,0.028324,-4.731477,,,,
2026-05-01T19:10:19.224Z,9559.821028,imu,-1.533470,0.005730,-4.744997,,,,
2026-05-01T19:10:19.234Z,9559.830915,imu,-1.280304,0.182706,-4.226399,,,,
2026-05-01T19:10:19.244Z,9559.840837,imu,-0.858487,0.440898,-2.964956,,,,
2026-05-01T19:10:19.254Z,9559.850771,imu,-0.468452,0.699054,-1.297124,,,,
2026-05-01T19:10:19.264Z,9559.860708,imu,-0.188714,0.977766,0.271790,,,,
2026-05-01T19:10:19.274Z,9559.870730,imu,-0.111129,1.203888,1.568960,,,,
2026-05-01T19:10:19.284Z,9559.880715,imu,-0.212254,1.302056,2.379578,,,,
2026-05-01T19:10:19.294Z,9559.890779,imu,-0.420349,1.210672,2.572248,,,,
2026-05-01T19:10:19.304Z,9559.900530,imu,-0.674768,1.018832,2.085054,,,,
2026-05-01T19:10:19.314Z,9559.910410,imu,-0.851528,0.917629,1.127786,,,,
2026-05-01T19:10:19.324Z,9559.920447,imu,-0.930787,0.773786,0.257679,,,,
2026-05-01T19:10:19.334Z,9559.930362,imu,-0.960092,0.514495,-0.090297,,,,
2026-05-01T19:10:19.344Z,9559.940879,imu,-0.956455,0.352855,0.105189,,,,
2026-05-01T19:10:19.354Z,9559.950650,imu,-0.924908,0.267746,0.728153,,,,
2026-05-01T19:10:19.364Z,9559.960315,imu,-0.859730,0.209088,1.536108,,,,
2026-05-01T19:10:19.373Z,9559.970156,imu,-0.749631,0.226869,2.327103,,,,
2026-05-01T19:10:19.384Z,9559.980224,imu,-0.698066,0.174900,2.922505,,,,
2026-05-01T19:10:19.393Z,9559.990041,imu,-0.722796,0.075484,3.312984,,,,
2026-05-01T19:10:19.403Z,9560.000016,imu,-0.771458,-0.034127,3.471630,,,,
2026-05-01T19:10:19.413Z,9560.009944,imu,-0.795807,-0.164042,3.412681,,,,
2026-05-01T19:10:19.423Z,9560.020058,imu,-0.819033,-0.247420,3.284689,,,,
2026-05-01T19:10:19.433Z,9560.029927,imu,-0.875821,-0.294515,3.233606,,,,
2026-05-01T19:10:19.443Z,9560.039862,imu,-0.932523,-0.417497,3.228745,,,,
2026-05-01T19:10:19.453Z,9560.049798,imu,-0.934189,-0.444178,3.307331,,,,
2026-05-01T19:10:19.463Z,9560.059704,imu,-0.829693,-0.396741,3.377234,,,,
2026-05-01T19:10:19.473Z,9560.069646,imu,-0.709080,-0.361410,3.329331,,,,
2026-05-01T19:10:19.483Z,9560.079718,imu,-0.600880,-0.308009,3.169027,,,,
2026-05-01T19:10:19.493Z,9560.089534,imu,-0.519874,-0.290562,2.838358,,,,
2026-05-01T19:10:19.503Z,9560.099565,imu,-0.519678,-0.370748,2.393904,,,,
2026-05-01T19:10:19.513Z,9560.109465,imu,-0.653306,-0.426519,1.878958,,,,
2026-05-01T19:10:19.523Z,9560.119409,imu,-0.916436,-0.474684,1.246284,,,,
2026-05-01T19:10:19.533Z,9560.129361,imu,-1.135919,-0.500397,0.486062,,,,
2026-05-01T19:10:19.543Z,9560.139315,imu,-1.259692,-0.460976,-0.138916,,,,
2026-05-01T19:10:19.553Z,9560.149240,imu,-1.328493,-0.462547,-0.593071,,,,
2026-05-01T19:10:19.563Z,9560.159243,imu,-1.326251,-0.508290,-0.913377,,,,
2026-05-01T19:10:19.572Z,9560.169171,imu,-1.211269,-0.525490,-1.238662,,,,
2026-05-01T19:10:19.582Z,9560.179147,imu,-1.018562,-0.600578,-1.742760,,,,
2026-05-01T19:10:19.592Z,9560.189033,imu,-0.769101,-0.779096,-2.396965,,,,
2026-05-01T19:10:19.602Z,9560.199021,imu,-0.510928,-0.925934,-3.049860,,,,
2026-05-01T19:10:19.612Z,9560.208974,imu,-0.289408,-1.046549,-3.575061,,,,
2026-05-01T19:10:19.622Z,9560.218952,imu,-0.132529,-1.231057,-3.666795,,,,
2026-05-01T19:10:19.632Z,9560.228921,imu,-0.028008,-1.532135,-3.443610,,,,
2026-05-01T19:10:19.642Z,9560.238821,imu,-0.033167,-1.478301,-3.023686,,,,
2026-05-01T19:10:19.652Z,9560.248884,imu,-0.148345,-0.985006,-2.300111,,,,
2026-05-01T19:10:19.662Z,9560.258746,imu,-0.382918,-0.437616,-1.470849,,,,
2026-05-01T19:10:19.672Z,9560.268634,imu,-0.582611,-0.188129,-0.604584,,,,
2026-05-01T19:10:19.682Z,9560.278766,imu,-0.537202,-0.075246,0.084261,,,,
2026-05-01T19:10:19.692Z,9560.288888,imu,-0.339976,0.143256,0.519276,,,,
2026-05-01T19:10:19.702Z,9560.298472,imu,-0.224734,0.280872,0.595957,,,,
2026-05-01T19:10:19.712Z,9560.308456,imu,-0.288995,-0.028222,-0.196551,,,,
2026-05-01T19:10:19.722Z,9560.318414,imu,-0.605693,-0.333774,-1.833746,,,,
2026-05-01T19:10:19.732Z,9560.328492,imu,-0.936902,-0.261473,-3.509471,,,,
2026-05-01T19:10:19.742Z,9560.338616,imu,-1.001438,-0.223074,-4.740975,,,,
2026-05-01T19:10:19.752Z,9560.348221,imu,-0.866760,-0.290473,-5.118233,,,,
2026-05-01T19:10:19.761Z,9560.358162,imu,-0.653563,-0.138927,-4.644659,,,,
2026-05-01T19:10:19.771Z,9560.368094,imu,-0.362253,0.122405,-3.463210,,,,
2026-05-01T19:10:19.781Z,9560.378154,imu,-0.033839,0.363967,-1.944425,,,,
2026-05-01T19:10:19.791Z,9560.387998,imu,0.175751,0.477319,-0.643401,,,,
2026-05-01T19:10:19.801Z,9560.398093,imu,0.360858,0.614439,0.196778,,,,
2026-05-01T19:10:19.811Z,9560.407919,imu,0.415859,0.801306,0.551563,,,,
2026-05-01T19:10:19.821Z,9560.417908,imu,0.311587,0.906057,0.416436,,,,
2026-05-01T19:10:19.831Z,9560.427849,imu,0.122161,0.905345,-0.105186,,,,
2026-05-01T19:10:19.841Z,9560.437758,imu,-0.040885,0.845902,-0.743929,,,,
2026-05-01T19:10:19.851Z,9560.447625,imu,-0.198334,0.742821,-1.159378,,,,
2026-05-01T19:10:19.861Z,9560.457614,imu,-0.227101,0.644360,-1.115146,,,,
2026-05-01T19:10:19.872Z,9560.468724,imu,-0.120109,0.595799,-0.675167,,,,
2026-05-01T19:10:19.881Z,9560.477543,imu,-0.025193,0.606687,0.108347,,,,
2026-05-01T19:10:19.891Z,9560.487483,imu,0.093317,0.662937,1.097428,,,,
2026-05-01T19:10:19.901Z,9560.497459,imu,0.178546,0.662135,2.006544,,,,
2026-05-01T19:10:19.911Z,9560.507346,imu,0.196386,0.727066,2.900893,,,,
2026-05-01T19:10:19.921Z,9560.517343,imu,0.091038,0.675566,3.599462,,,,
2026-05-01T19:10:19.931Z,9560.527322,imu,-0.137819,0.437167,4.029905,,,,
2026-05-01T19:10:19.941Z,9560.537365,imu,-0.430995,0.203436,4.152181,,,,
2026-05-01T19:10:19.951Z,9560.547228,imu,-0.801169,-0.104749,3.972770,,,,
2026-05-01T19:10:19.960Z,9560.557149,imu,-1.174812,-0.402941,3.553389,,,,
2026-05-01T19:10:19.970Z,9560.567110,imu,-1.522970,-0.682138,3.035364,,,,
2026-05-01T19:10:19.980Z,9560.577024,imu,-1.804160,-1.044377,2.520119,,,,
2026-05-01T19:10:19.990Z,9560.587084,imu,-1.949580,-1.265719,2.037179,,,,
2026-05-01T19:10:20.000Z,9560.597115,imu,-1.930264,-1.341458,1.612035,,,,
2026-05-01T19:10:20.010Z,9560.606848,imu,-1.709670,-1.289144,1.296564,,,,
2026-05-01T19:10:20.020Z,9560.617000,imu,-1.410922,-1.151774,1.124980,,,,
2026-05-01T19:10:20.030Z,9560.626644,imu,-1.060312,-1.003822,1.149841,,,,
2026-05-01T19:10:20.040Z,9560.636758,imu,-0.778013,-0.879119,1.324582,,,,
2026-05-01T19:10:20.050Z,9560.646811,imu,-0.477610,-0.758979,1.459682,,,,
2026-05-01T19:10:20.060Z,9560.656904,imu,-0.163416,-0.653575,1.422609,,,,
2026-05-01T19:10:20.070Z,9560.666772,imu,0.149739,-0.455269,1.134011,,,,
2026-05-01T19:10:20.080Z,9560.676395,imu,0.400437,-0.249758,0.731877,,,,
2026-05-01T19:10:20.090Z,9560.686808,imu,0.545689,-0.009866,0.290896,,,,
2026-05-01T19:10:20.093Z,9560.689773,gps,,,,-15.745836,-47.850028,1.493148,4.748652
2026-05-01T19:10:20.100Z,9560.696445,imu,0.523601,0.322057,-0.114498,,,,
2026-05-01T19:10:20.110Z,9560.706250,imu,0.293348,0.772102,-0.319844,,,,
2026-05-01T19:10:20.120Z,9560.716331,imu,-0.086265,1.071227,-0.402240,,,,
2026-05-01T19:10:20.129Z,9560.726156,imu,-0.469926,1.089896,-0.646107,,,,
2026-05-01T19:10:20.140Z,9560.736231,imu,-0.703221,1.067405,-1.165981,,,,
2026-05-01T19:10:20.150Z,9560.746725,imu,-0.841418,1.134066,-1.925309,,,,
2026-05-01T19:10:20.159Z,9560.756114,imu,-0.936343,1.109619,-2.678297,,,,
2026-05-01T19:10:20.169Z,9560.765947,imu,-0.934999,0.933529,-3.105993,,,,
2026-05-01T19:10:20.179Z,9560.776036,imu,-0.804718,0.718010,-3.122293,,,,
2026-05-01T19:10:20.189Z,9560.785909,imu,-0.572983,0.582320,-2.714156,,,,
2026-05-01T19:10:20.200Z,9560.796227,imu,-0.266923,0.473414,-2.010119,,,,
2026-05-01T19:10:20.209Z,9560.805794,imu,-0.066271,0.370847,-1.237252,,,,
2026-05-01T19:10:20.219Z,9560.815828,imu,0.008349,0.337380,-0.430129,,,,
2026-05-01T19:10:20.229Z,9560.825851,imu,-0.022960,0.492419,0.201258,,,,
2026-05-01T19:10:20.239Z,9560.835720,imu,-0.051743,0.594948,0.619321,,,,
2026-05-01T19:10:20.249Z,9560.845718,imu,-0.298804,0.263628,0.723525,,,,
2026-05-01T19:10:20.259Z,9560.855839,imu,-0.823314,-0.114927,0.431292,,,,
2026-05-01T19:10:20.269Z,9560.865799,imu,-1.204058,-0.251612,-0.288249,,,,
2026-05-01T19:10:20.279Z,9560.875551,imu,-1.162844,-0.426889,-1.279125,,,,
2026-05-01T19:10:20.289Z,9560.886064,imu,-0.999430,-0.406432,-2.304697,,,,
2026-05-01T19:10:20.299Z,9560.895418,imu,-0.960682,-0.127582,-2.983322,,,,
2026-05-01T19:10:20.309Z,9560.905717,imu,-0.852657,0.092270,-3.145652,,,,
2026-05-01T19:10:20.319Z,9560.915503,imu,-0.578308,0.310948,-2.970573,,,,
2026-05-01T19:10:20.329Z,9560.925645,imu,-0.363582,0.691244,-2.517335,,,,
2026-05-01T19:10:20.339Z,9560.935203,imu,-0.129526,1.049887,-1.546904,,,,
2026-05-01T19:10:20.350Z,9560.946926,imu,0.084912,1.354210,-0.319962,,,,
2026-05-01T19:10:20.359Z,9560.955538,imu,0.252499,1.525979,0.661066,,,,
2026-05-01T19:10:20.369Z,9560.965279,imu,0.327278,1.580162,1.153488,,,,
2026-05-01T19:10:20.379Z,9560.975197,imu,0.288803,1.506873,1.199431,,,,
2026-05-01T19:10:20.389Z,9560.985403,imu,0.105662,1.312844,0.812590,,,,
2026-05-01T19:10:20.398Z,9560.994903,imu,-0.051741,1.009538,0.164432,,,,
2026-05-01T19:10:20.409Z,9561.005388,imu,-0.079498,0.855140,-0.449932,,,,
2026-05-01T19:10:20.418Z,9561.014796,imu,-0.056022,0.688787,-0.700232,,,,
2026-05-01T19:10:20.428Z,9561.025021,imu,0.079936,0.473311,-0.555113,,,,
2026-05-01T19:10:20.438Z,9561.034864,imu,0.236949,0.411641,-0.072378,,,,
2026-05-01T19:10:20.449Z,9561.045194,imu,0.322608,0.498533,0.756854,,,,
2026-05-01T19:10:20.458Z,9561.054608,imu,0.392088,0.575165,1.804620,,,,
2026-05-01T19:10:20.468Z,9561.065057,imu,0.398874,0.523933,2.820303,,,,
2026-05-01T19:10:20.478Z,9561.074446,imu,0.376918,0.387473,3.552185,,,,
2026-05-01T19:10:20.488Z,9561.084823,imu,0.240185,0.261431,3.976105,,,,
2026-05-01T19:10:20.498Z,9561.094739,imu,0.025559,0.067853,4.179337,,,,
2026-05-01T19:10:20.508Z,9561.104835,imu,-0.185081,-0.109438,4.012934,,,,
2026-05-01T19:10:20.518Z,9561.114327,imu,-0.379022,-0.247639,3.604090,,,,
2026-05-01T19:10:20.528Z,9561.124706,imu,-0.563030,-0.365472,3.110551,,,,
2026-05-01T19:10:20.537Z,9561.134149,imu,-0.660841,-0.441752,2.584835,,,,
2026-05-01T19:10:20.547Z,9561.144100,imu,-0.708470,-0.462159,2.181262,,,,
2026-05-01T19:10:20.558Z,9561.154301,imu,-0.728007,-0.443554,1.988800,,,,
2026-05-01T19:10:20.567Z,9561.164017,imu,-0.716305,-0.436179,1.971105,,,,
2026-05-01T19:10:20.577Z,9561.173916,imu,-0.611448,-0.480441,2.076792,,,,
2026-05-01T19:10:20.587Z,9561.183916,imu,-0.539419,-0.573943,2.141563,,,,
2026-05-01T19:10:20.597Z,9561.193776,imu,-0.457132,-0.627069,2.162941,,,,
2026-05-01T19:10:20.607Z,9561.203768,imu,-0.378698,-0.711862,2.143263,,,,
2026-05-01T19:10:20.617Z,9561.213739,imu,-0.376624,-0.848029,2.019830,,,,
2026-05-01T19:10:20.627Z,9561.223641,imu,-0.431364,-0.985247,1.728127,,,,
2026-05-01T19:10:20.637Z,9561.233675,imu,-0.520113,-1.018049,1.281286,,,,
2026-05-01T19:10:20.647Z,9561.243546,imu,-0.662115,-1.012603,0.706813,,,,
2026-05-01T19:10:20.657Z,9561.253606,imu,-0.902835,-1.037653,-0.002246,,,,
2026-05-01T19:10:20.667Z,9561.263710,imu,-1.115722,-1.048174,-0.751952,,,,
2026-05-01T19:10:20.677Z,9561.273418,imu,-1.208238,-1.153900,-1.747176,,,,
2026-05-01T19:10:20.687Z,9561.283375,imu,-1.133455,-1.239957,-2.819694,,,,
2026-05-01T19:10:20.697Z,9561.293295,imu,-0.843840,-1.197111,-3.782493,,,,
2026-05-01T19:10:20.707Z,9561.303264,imu,-0.476831,-1.193074,-4.420509,,,,
2026-05-01T19:10:20.717Z,9561.313254,imu,-0.203446,-1.290051,-4.563353,,,,
2026-05-01T19:10:20.726Z,9561.323124,imu,-0.029433,-1.149203,-4.423855,,,,
2026-05-01T19:10:20.736Z,9561.333128,imu,0.045762,-0.758540,-4.035201,,,,
2026-05-01T19:10:20.746Z,9561.343017,imu,-0.158142,-0.230357,-3.362512,,,,
2026-05-01T19:10:20.756Z,9561.353109,imu,-0.485488,0.161352,-2.458662,,,,
2026-05-01T19:10:20.766Z,9561.363028,imu,-0.746299,0.392559,-1.530230,,,,
2026-05-01T19:10:20.776Z,9561.372911,imu,-0.929931,0.590800,-0.886174,,,,
2026-05-01T19:10:20.786Z,9561.382905,imu,-0.910829,0.903672,-0.585780,,,,
2026-05-01T19:10:20.796Z,9561.392841,imu,-0.495105,1.057465,-0.766692,,,,
2026-05-01T19:10:20.806Z,9561.402739,imu,0.139617,0.798808,-1.644932,,,,
2026-05-01T19:10:20.816Z,9561.412769,imu,0.629090,0.479041,-2.946239,,,,
2026-05-01T19:10:20.826Z,9561.422604,imu,0.711147,0.270184,-4.206207,,,,
2026-05-01T19:10:20.836Z,9561.432635,imu,0.700885,0.092800,-4.968711,,,,
2026-05-01T19:10:20.846Z,9561.442513,imu,0.518591,0.308358,-4.971612,,,,
2026-05-01T19:10:20.856Z,9561.452554,imu,0.080034,0.612550,-3.910366,,,,
2026-05-01T19:10:20.866Z,9561.462397,imu,-0.253413,0.613427,-2.392592,,,,
2026-05-01T19:10:20.876Z,9561.472394,imu,-0.415208,0.630838,-1.117560,,,,
2026-05-01T19:10:20.886Z,9561.482373,imu,-0.571866,0.731175,-0.388320,,,,
2026-05-01T19:10:20.896Z,9561.492301,imu,-0.631994,0.743670,-0.005877,,,,
2026-05-01T19:10:20.906Z,9561.502225,imu,-0.579318,0.663566,-0.012084,,,,
2026-05-01T19:10:20.916Z,9561.512324,imu,-0.504179,0.675049,-0.369585,,,,
2026-05-01T19:10:20.925Z,9561.522005,imu,-0.488888,0.759009,-0.767608,,,,
2026-05-01T19:10:20.935Z,9561.532127,imu,-0.400898,0.853375,-0.905696,,,,
2026-05-01T19:10:20.945Z,9561.541991,imu,-0.209931,0.926145,-0.641040,,,,
2026-05-01T19:10:20.955Z,9561.552054,imu,0.071572,0.985592,-0.066141,,,,
2026-05-01T19:10:20.966Z,9561.562286,imu,0.386907,1.042067,0.655554,,,,
2026-05-01T19:10:20.976Z,9561.572239,imu,0.679647,1.154413,1.327791,,,,
2026-05-01T19:10:20.985Z,9561.581965,imu,0.872192,1.194737,2.024350,,,,
2026-05-01T19:10:20.995Z,9561.591820,imu,0.931153,1.145282,2.746759,,,,
2026-05-01T19:10:21.005Z,9561.601703,imu,0.940344,1.037044,3.454276,,,,
2026-05-01T19:10:21.015Z,9561.612081,imu,0.887830,0.895101,3.931011,,,,
2026-05-01T19:10:21.025Z,9561.622124,imu,0.680051,0.764328,4.055927,,,,
2026-05-01T19:10:21.035Z,9561.631521,imu,0.365425,0.614804,4.026185,,,,
2026-05-01T19:10:21.045Z,9561.641609,imu,-0.035277,0.420752,3.844097,,,,
2026-05-01T19:10:21.055Z,9561.651546,imu,-0.460325,0.197352,3.549773,,,,
2026-05-01T19:10:21.065Z,9561.662076,imu,-0.816520,-0.018320,3.216596,,,,
2026-05-01T19:10:21.075Z,9561.671369,imu,-1.036898,-0.243770,2.898207,,,,
2026-05-01T19:10:21.085Z,9561.681424,imu,-1.191607,-0.427638,2.631581,,,,
2026-05-01T19:10:21.090Z,9561.687064,gps,,,,-15.745839,-47.850031,1.462301,4.748652
2026-05-01T19:10:21.095Z,9561.691187,imu,-1.262834,-0.611750,2.457637,,,,
2026-05-01T19:10:21.104Z,9561.701145,imu,-1.158198,-0.812433,2.268171,,,,
2026-05-01T19:10:21.114Z,9561.711068,imu,-0.919384,-0.935118,2.106166,,,,
2026-05-01T19:10:21.125Z,9561.721182,imu,-0.617499,-0.951269,2.029570,,,,
2026-05-01T19:10:21.134Z,9561.731020,imu,-0.364263,-0.936696,1.934668,,,,
2026-05-01T19:10:21.145Z,9561.741950,imu,-0.325897,-0.974829,1.758682,,,,
2026-05-01T19:10:21.154Z,9561.750872,imu,-0.507558,-0.986093,1.445173,,,,
2026-05-01T19:10:21.164Z,9561.760950,imu,-0.753950,-0.950262,0.966080,,,,
2026-05-01T19:10:21.174Z,9561.770794,imu,-0.904222,-0.934438,0.392453,,,,
2026-05-01T19:10:21.184Z,9561.780701,imu,-0.916282,-0.892997,-0.123383,,,,
2026-05-01T19:10:21.194Z,9561.790836,imu,-0.834226,-0.807870,-0.509321,,,,
2026-05-01T19:10:21.204Z,9561.800630,imu,-0.671737,-0.696251,-0.667571,,,,
2026-05-01T19:10:21.214Z,9561.810513,imu,-0.436794,-0.467103,-0.580665,,,,
2026-05-01T19:10:21.224Z,9561.820780,imu,-0.267041,-0.200261,-0.387937,,,,
2026-05-01T19:10:21.234Z,9561.830435,imu,-0.223072,0.030629,-0.206836,,,,
2026-05-01T19:10:21.244Z,9561.840373,imu,-0.251800,0.211211,-0.166253,,,,
2026-05-01T19:10:21.254Z,9561.850516,imu,-0.344374,0.221352,-0.377180,,,,
2026-05-01T19:10:21.264Z,9561.860263,imu,-0.492555,0.109609,-0.835893,,,,
2026-05-01T19:10:21.274Z,9561.870326,imu,-0.659700,-0.026602,-1.518796,,,,
2026-05-01T19:10:21.284Z,9561.880392,imu,-0.769189,-0.210695,-2.075475,,,,
2026-05-01T19:10:21.293Z,9561.890157,imu,-0.829279,-0.458048,-2.268569,,,,
2026-05-01T19:10:21.303Z,9561.900088,imu,-0.724566,-0.644389,-2.173433,,,,
2026-05-01T19:10:21.314Z,9561.910242,imu,-0.395011,-0.521183,-1.748352,,,,
2026-05-01T19:10:21.323Z,9561.920007,imu,-0.045495,-0.242562,-1.196129,,,,
2026-05-01T19:10:21.333Z,9561.930015,imu,0.191695,-0.048049,-0.676485,,,,
2026-05-01T19:10:21.344Z,9561.940171,imu,0.324957,0.073925,-0.286293,,,,
2026-05-01T19:10:21.353Z,9561.949874,imu,0.351703,0.281725,-0.322836,,,,
2026-05-01T19:10:21.363Z,9561.959883,imu,0.304175,0.619910,-0.586128,,,,
2026-05-01T19:10:21.373Z,9561.969964,imu,0.249817,0.861132,-0.900670,,,,
2026-05-01T19:10:21.383Z,9561.980081,imu,0.115442,0.891279,-1.342903,,,,
2026-05-01T19:10:21.393Z,9561.989662,imu,-0.115652,0.864203,-2.006884,,,,
2026-05-01T19:10:21.403Z,9561.999836,imu,-0.410212,0.819923,-2.972978,,,,
2026-05-01T19:10:21.413Z,9562.009581,imu,-0.842432,0.706823,-3.821073,,,,
2026-05-01T19:10:21.423Z,9562.019530,imu,-1.212519,0.599023,-4.242658,,,,
2026-05-01T19:10:21.433Z,9562.029714,imu,-1.404957,0.558894,-4.470485,,,,
2026-05-01T19:10:21.443Z,9562.039405,imu,-1.437552,0.569859,-4.147113,,,,
2026-05-01T19:10:21.453Z,9562.049441,imu,-1.295799,0.606713,-3.423586,,,,
2026-05-01T19:10:21.463Z,9562.059483,imu,-0.894670,0.783497,-2.285771,,,,
2026-05-01T19:10:21.473Z,9562.069266,imu,-0.368436,1.101360,-1.014868,,,,
2026-05-01T19:10:21.483Z,9562.079339,imu,0.218711,1.362829,0.115521,,,,
2026-05-01T19:10:21.493Z,9562.089505,imu,0.681995,1.436266,1.075274,,,,
2026-05-01T19:10:21.502Z,9562.099110,imu,0.848768,1.361888,1.934354,,,,
2026-05-01T19:10:21.512Z,9562.109058,imu,0.753636,1.275933,2.222271,,,,
2026-05-01T19:10:21.523Z,9562.119189,imu,0.374020,1.052192,2.175537,,,,
2026-05-01T19:10:21.532Z,9562.129018,imu,-0.176289,0.693866,1.922452,,,,
2026-05-01T19:10:21.542Z,9562.138723,imu,-0.762482,0.312358,1.528791,,,,
2026-05-01T19:10:21.552Z,9562.149052,imu,-1.192910,-0.021627,1.333009,,,,
2026-05-01T19:10:21.562Z,9562.158794,imu,-1.381733,-0.213959,1.469203,,,,
2026-05-01T19:10:21.572Z,9562.168786,imu,-1.326478,-0.360368,1.857033,,,,
2026-05-01T19:10:21.582Z,9562.178861,imu,-1.117163,-0.493136,2.241104,,,,
2026-05-01T19:10:21.592Z,9562.188913,imu,-0.806466,-0.510760,2.494768,,,,
2026-05-01T19:10:21.602Z,9562.198588,imu,-0.541945,-0.495198,2.621995,,,,
2026-05-01T19:10:21.612Z,9562.208739,imu,-0.377702,-0.564562,2.658503,,,,
2026-05-01T19:10:21.622Z,9562.218508,imu,-0.347777,-0.644534,2.650524,,,,
2026-05-01T19:10:21.632Z,9562.228588,imu,-0.410486,-0.670798,2.573880,,,,
2026-05-01T19:10:21.642Z,9562.239100,imu,-0.466803,-0.645249,2.507976,,,,
2026-05-01T19:10:21.652Z,9562.248453,imu,-0.560584,-0.616551,2.462396,,,,
2026-05-01T19:10:21.662Z,9562.258260,imu,-0.642280,-0.552514,2.573037,,,,
2026-05-01T19:10:21.672Z,9562.268236,imu,-0.557212,-0.436690,2.753617,,,,
2026-05-01T19:10:21.682Z,9562.278527,imu,-0.472028,-0.351804,2.853398,,,,
2026-05-01T19:10:21.692Z,9562.288167,imu,-0.368028,-0.350441,2.823979,,,,
2026-05-01T19:10:21.701Z,9562.298150,imu,-0.261950,-0.350137,2.678608,,,,
2026-05-01T19:10:21.711Z,9562.307976,imu,-0.189437,-0.333894,2.510406,,,,
2026-05-01T19:10:21.721Z,9562.317898,imu,-0.115623,-0.308039,2.284203,,,,
2026-05-01T19:10:21.731Z,9562.327994,imu,-0.045898,-0.186684,1.935604,,,,
2026-05-01T19:10:21.741Z,9562.337959,imu,0.001238,-0.163301,1.529147,,,,
2026-05-01T19:10:21.751Z,9562.347909,imu,0.005877,-0.200141,1.012890,,,,
2026-05-01T19:10:21.761Z,9562.357789,imu,-0.056786,-0.165144,0.474016,,,,
2026-05-01T19:10:21.771Z,9562.367749,imu,-0.195747,-0.043284,0.010738,,,,
2026-05-01T19:10:21.781Z,9562.377701,imu,-0.435814,-0.021891,-0.216412,,,,
2026-05-01T19:10:21.791Z,9562.387898,imu,-0.624301,-0.186737,-0.422938,,,,
2026-05-01T19:10:21.801Z,9562.397575,imu,-0.650473,-0.369912,-0.865593,,,,
2026-05-01T19:10:21.811Z,9562.407510,imu,-0.530562,-0.527678,-1.615668,,,,
2026-05-01T19:10:21.821Z,9562.417661,imu,-0.288951,-0.596052,-2.348654,,,,
2026-05-01T19:10:21.831Z,9562.427407,imu,-0.076145,-0.642336,-2.962432,,,,
2026-05-01T19:10:21.841Z,9562.437411,imu,0.080658,-0.589315,-3.232385,,,,
2026-05-01T19:10:21.851Z,9562.447332,imu,0.158567,-0.496228,-3.155785,,,,
2026-05-01T19:10:21.861Z,9562.457328,imu,0.032304,-0.169629,-2.720976,,,,
2026-05-01T19:10:21.871Z,9562.467258,imu,-0.217659,0.350713,-2.043998,,,,
2026-05-01T19:10:21.880Z,9562.477108,imu,-0.510102,0.533092,-1.112637,,,,
2026-05-01T19:10:21.891Z,9562.487163,imu,-0.792133,0.537675,-0.268397,,,,
2026-05-01T19:10:21.900Z,9562.497101,imu,-0.868731,0.767399,0.232319,,,,
2026-05-01T19:10:21.910Z,9562.506925,imu,-0.764307,1.041829,0.432930,,,,
2026-05-01T19:10:21.920Z,9562.516910,imu,-0.499967,0.850688,0.362328,,,,
2026-05-01T19:10:21.930Z,9562.526888,imu,-0.239061,0.163852,-0.364308,,,,
2026-05-01T19:10:21.940Z,9562.536820,imu,-0.211841,-0.345377,-1.869659,,,,
2026-05-01T19:10:21.950Z,9562.546975,imu,-0.269492,-0.481193,-3.288706,,,,
2026-05-01T19:10:21.960Z,9562.556696,imu,-0.198332,-0.593279,-4.270897,,,,
2026-05-01T19:10:21.970Z,9562.566702,imu,-0.191358,-0.486571,-4.687281,,,,
2026-05-01T19:10:21.980Z,9562.576596,imu,-0.149732,-0.179895,-4.195582,,,,
2026-05-01T19:10:21.990Z,9562.586644,imu,0.044303,0.011488,-3.110567,,,,
2026-05-01T19:10:22.000Z,9562.596552,imu,0.274750,0.209068,-1.954110,,,,
2026-05-01T19:10:22.010Z,9562.606357,imu,0.426231,0.417165,-1.138813,,,,
2026-05-01T19:10:22.020Z,9562.616413,imu,0.455245,0.377141,-0.885120,,,,
2026-05-01T19:10:22.030Z,9562.626204,imu,0.422568,0.251050,-0.967064,,,,
2026-05-01T19:10:22.040Z,9562.636308,imu,0.429010,0.242520,-1.320655,,,,
2026-05-01T19:10:22.050Z,9562.646501,imu,0.457225,0.333502,-1.563825,,,,
2026-05-01T19:10:22.060Z,9562.656299,imu,0.628404,0.366346,-1.301125,,,,
2026-05-01T19:10:22.070Z,9562.666410,imu,0.911607,0.434216,-0.596857,,,,
2026-05-01T19:10:22.079Z,9562.675960,imu,1.067165,0.626898,0.322497,,,,
2026-05-01T19:10:22.089Z,9562.686107,imu,1.176588,0.734694,1.303311,,,,
2026-05-01T19:10:22.095Z,9562.691404,gps,,,,-15.745844,-47.850033,1.216761,4.748652
2026-05-01T19:10:22.099Z,9562.696030,imu,1.200305,0.780998,2.329919,,,,
2026-05-01T19:10:22.109Z,9562.705834,imu,1.118594,0.774961,3.112489,,,,
2026-05-01T19:10:22.119Z,9562.715909,imu,0.965827,0.797002,3.633310,,,,
2026-05-01T19:10:22.129Z,9562.725834,imu,0.740871,0.762212,3.961176,,,,
2026-05-01T19:10:22.139Z,9562.735774,imu,0.412867,0.662934,4.082272,,,,
2026-05-01T19:10:22.149Z,9562.745736,imu,0.026719,0.545801,4.119569,,,,
2026-05-01T19:10:22.159Z,9562.755553,imu,-0.360048,0.483009,4.098472,,,,
2026-05-01T19:10:22.169Z,9562.765755,imu,-0.720111,0.325267,4.010474,,,,
2026-05-01T19:10:22.179Z,9562.775586,imu,-1.061501,0.039625,3.941819,,,,
2026-05-01T19:10:22.189Z,9562.785720,imu,-1.328820,-0.248395,3.850966,,,,
2026-05-01T19:10:22.199Z,9562.795443,imu,-1.478006,-0.455531,3.740893,,,,
2026-05-01T19:10:22.209Z,9562.805870,imu,-1.386887,-0.614238,3.520886,,,,
2026-05-01T19:10:22.219Z,9562.815348,imu,-0.967115,-0.684487,3.020968,,,,
2026-05-01T19:10:22.229Z,9562.825783,imu,-0.423578,-0.594135,2.323920,,,,
2026-05-01T19:10:22.239Z,9562.835235,imu,-0.073015,-0.464367,1.707568,,,,
2026-05-01T19:10:22.249Z,9562.845753,imu,0.089684,-0.473675,1.282549,,,,
2026-05-01T19:10:22.259Z,9562.855519,imu,0.195510,-0.559768,0.945919,,,,
2026-05-01T19:10:22.269Z,9562.865431,imu,0.244280,-0.494273,0.573027,,,,
2026-05-01T19:10:22.278Z,9562.874986,imu,0.213520,-0.301937,0.196880,,,,
2026-05-01T19:10:22.289Z,9562.885452,imu,0.098640,-0.242756,-0.172686,,,,
2026-05-01T19:10:22.298Z,9562.895051,imu,-0.143473,-0.231867,-0.516669,,,,
2026-05-01T19:10:22.309Z,9562.905351,imu,-0.455239,-0.150151,-0.763087,,,,
2026-05-01T19:10:22.318Z,9562.914917,imu,-0.786050,-0.035198,-0.821714,,,,
2026-05-01T19:10:22.329Z,9562.925350,imu,-1.005982,0.085549,-0.881780,,,,
2026-05-01T19:10:22.338Z,9562.934810,imu,-1.140876,0.112610,-0.874060,,,,
2026-05-01T19:10:22.349Z,9562.945242,imu,-1.272541,0.071794,-0.977387,,,,
2026-05-01T19:10:22.358Z,9562.954786,imu,-1.384254,0.060747,-1.336867,,,,
2026-05-01T19:10:22.368Z,9562.965020,imu,-1.250147,-0.013614,-1.696223,,,,
2026-05-01T19:10:22.378Z,9562.974563,imu,-0.937707,-0.162673,-2.136956,,,,
2026-05-01T19:10:22.389Z,9562.985436,imu,-0.651097,-0.293876,-2.385541,,,,
2026-05-01T19:10:22.398Z,9562.994328,imu,-0.364411,-0.504587,-2.192480,,,,
2026-05-01T19:10:22.408Z,9563.004729,imu,-0.053501,-0.639788,-1.490581,,,,
2026-05-01T19:10:22.418Z,9563.014425,imu,0.166642,-0.562535,-0.519318,,,,
2026-05-01T19:10:22.428Z,9563.024674,imu,0.294138,-0.394317,0.283448,,,,
2026-05-01T19:10:22.438Z,9563.034261,imu,0.407048,-0.301368,0.704560,,,,
2026-05-01T19:10:22.448Z,9563.044211,imu,0.443414,-0.209052,0.534816,,,,
2026-05-01T19:10:22.458Z,9563.054162,imu,0.228449,-0.106292,-0.065565,,,,
2026-05-01T19:10:22.467Z,9563.064135,imu,-0.137379,-0.067673,-0.834036,,,,
2026-05-01T19:10:22.477Z,9563.073983,imu,-0.332852,-0.124793,-1.420839,,,,
2026-05-01T19:10:22.487Z,9563.084018,imu,-0.331987,-0.032548,-1.956385,,,,
2026-05-01T19:10:22.497Z,9563.093780,imu,-0.316708,0.112307,-2.610492,,,,
2026-05-01T19:10:22.507Z,9563.103976,imu,-0.411329,0.178731,-3.498400,,,,
2026-05-01T19:10:22.517Z,9563.113880,imu,-0.601807,0.169468,-4.435094,,,,
2026-05-01T19:10:22.527Z,9563.123793,imu,-0.761094,0.144921,-5.377863,,,,
2026-05-01T19:10:22.537Z,9563.133699,imu,-0.847327,0.056426,-5.938828,,,,
2026-05-01T19:10:22.547Z,9563.143616,imu,-0.971051,-0.011934,-5.835822,,,,
2026-05-01T19:10:22.557Z,9563.153604,imu,-0.955046,0.077509,-4.949246,,,,
2026-05-01T19:10:22.567Z,9563.163705,imu,-0.806202,0.358784,-3.188800,,,,
2026-05-01T19:10:22.577Z,9563.173720,imu,-0.604958,0.547975,-1.252338,,,,
2026-05-01T19:10:22.587Z,9563.183508,imu,-0.402535,0.635381,0.340510,,,,
2026-05-01T19:10:22.597Z,9563.193477,imu,-0.351145,0.769014,1.591329,,,,
2026-05-01T19:10:22.607Z,9563.203589,imu,-0.486413,0.743650,2.413306,,,,
2026-05-01T19:10:22.617Z,9563.213357,imu,-0.742937,0.554032,2.865531,,,,
2026-05-01T19:10:22.627Z,9563.223278,imu,-1.003723,0.384841,2.803890,,,,
2026-05-01T19:10:22.637Z,9563.233422,imu,-1.222255,0.286904,2.281079,,,,
2026-05-01T19:10:22.647Z,9563.243179,imu,-1.367791,0.248649,1.649869,,,,
2026-05-01T19:10:22.656Z,9563.253095,imu,-1.467927,0.163313,1.113881,,,,
2026-05-01T19:10:22.667Z,9563.263287,imu,-1.467794,0.086925,1.037405,,,,
2026-05-01T19:10:22.676Z,9563.272979,imu,-1.342650,0.091227,1.436768,,,,
2026-05-01T19:10:22.686Z,9563.282942,imu,-1.160612,0.140824,2.032246,,,,
2026-05-01T19:10:22.696Z,9563.293031,imu,-0.930254,0.170636,2.589210,,,,
2026-05-01T19:10:22.706Z,9563.302857,imu,-0.642235,0.230895,2.881288,,,,
2026-05-01T19:10:22.716Z,9563.312830,imu,-0.301096,0.251375,2.992473,,,,
2026-05-01T19:10:22.726Z,9563.322920,imu,-0.073212,0.262305,3.035531,,,,
2026-05-01T19:10:22.736Z,9563.332676,imu,0.067985,0.293607,2.970283,,,,
2026-05-01T19:10:22.746Z,9563.342608,imu,0.216770,0.309261,2.930162,,,,
2026-05-01T19:10:22.756Z,9563.352763,imu,0.224282,0.303609,2.910703,,,,
2026-05-01T19:10:22.766Z,9563.362502,imu,0.146371,0.342470,2.908968,,,,
2026-05-01T19:10:22.776Z,9563.372350,imu,-0.032989,0.289791,2.958354,,,,
2026-05-01T19:10:22.786Z,9563.382714,imu,-0.296192,0.170648,2.928436,,,,
2026-05-01T19:10:22.796Z,9563.392357,imu,-0.451430,0.151413,2.752310,,,,
2026-05-01T19:10:22.806Z,9563.402345,imu,-0.489003,0.202250,2.500112,,,,
2026-05-01T19:10:22.816Z,9563.412502,imu,-0.565316,0.158402,2.184344,,,,
2026-05-01T19:10:22.826Z,9563.422240,imu,-0.617721,0.051704,1.906935,,,,
2026-05-01T19:10:22.836Z,9563.432215,imu,-0.708150,-0.027901,1.417587,,,,
2026-05-01T19:10:22.846Z,9563.442349,imu,-0.840677,-0.055608,0.793075,,,,
2026-05-01T19:10:22.855Z,9563.452059,imu,-0.888857,-0.072741,0.179249,,,,
2026-05-01T19:10:22.865Z,9563.461926,imu,-0.831901,-0.050208,-0.287445,,,,
2026-05-01T19:10:22.876Z,9563.472426,imu,-0.684291,-0.072093,-0.606328,,,,
2026-05-01T19:10:22.885Z,9563.481952,imu,-0.424669,-0.173137,-0.966220,,,,
2026-05-01T19:10:22.895Z,9563.491841,imu,-0.128331,-0.263554,-1.451790,,,,
2026-05-01T19:10:22.905Z,9563.501846,imu,0.092377,-0.289610,-2.030384,,,,
2026-05-01T19:10:22.915Z,9563.511836,imu,0.067316,-0.325318,-2.714484,,,,
2026-05-01T19:10:22.926Z,9563.522231,imu,-0.085898,-0.347874,-3.349277,,,,
2026-05-01T19:10:22.935Z,9563.531563,imu,-0.378600,-0.096788,-3.625662,,,,
2026-05-01T19:10:22.945Z,9563.541662,imu,-0.811770,0.230096,-3.522911,,,,
2026-05-01T19:10:22.955Z,9563.551555,imu,-1.153478,0.408581,-3.109705,,,,
2026-05-01T19:10:22.965Z,9563.561906,imu,-1.317920,0.439190,-2.633671,,,,
2026-05-01T19:10:22.975Z,9563.571441,imu,-1.241484,0.537438,-2.195364,,,,
2026-05-01T19:10:22.985Z,9563.581438,imu,-0.898115,0.720903,-1.687152,,,,
2026-05-01T19:10:22.995Z,9563.591572,imu,-0.174527,0.743205,-1.357673,,,,
2026-05-01T19:10:23.005Z,9563.601390,imu,0.874424,0.398461,-1.452824,,,,
2026-05-01T19:10:23.014Z,9563.611116,imu,1.853246,-0.052634,-1.870922,,,,
2026-05-01T19:10:23.025Z,9563.621235,imu,2.532407,-0.163104,-2.328981,,,,
2026-05-01T19:10:23.034Z,9563.631155,imu,2.884115,0.120751,-2.831361,,,,
2026-05-01T19:10:23.044Z,9563.641139,imu,2.688142,0.189342,-2.922167,,,,
2026-05-01T19:10:23.055Z,9563.651261,imu,1.951893,-0.341266,-2.712788,,,,
2026-05-01T19:10:23.064Z,9563.661050,imu,1.069125,-0.779705,-2.666541,,,,
2026-05-01T19:10:23.074Z,9563.670996,imu,0.329715,-0.841130,-2.848573,,,,
2026-05-01T19:10:23.084Z,9563.680972,imu,-0.149540,-0.924474,-3.001118,,,,
2026-05-01T19:10:23.088Z,9563.684295,gps,,,,-15.745858,-47.850043,1.330281,4.748652
2026-05-01T19:10:23.094Z,9563.690755,imu,-0.366167,-1.160850,-2.641253,,,,
2026-05-01T19:10:23.104Z,9563.700751,imu,-0.300514,-1.287585,-2.171271,,,,
2026-05-01T19:10:23.114Z,9563.710847,imu,-0.088264,-1.142678,-1.763994,,,,
2026-05-01T19:10:23.124Z,9563.720684,imu,0.173104,-0.963814,-1.329729,,,,
2026-05-01T19:10:23.134Z,9563.730585,imu,0.427976,-0.849265,-0.864233,,,,
2026-05-01T19:10:23.144Z,9563.740540,imu,0.742853,-0.697449,-0.315469,,,,
2026-05-01T19:10:23.154Z,9563.750477,imu,1.083663,-0.521574,0.249949,,,,
2026-05-01T19:10:23.164Z,9563.760425,imu,1.398574,-0.311963,0.643888,,,,
2026-05-01T19:10:23.174Z,9563.770688,imu,1.563901,-0.079493,1.169518,,,,
2026-05-01T19:10:23.184Z,9563.780309,imu,1.641036,0.055438,1.787912,,,,
2026-05-01T19:10:23.194Z,9563.790233,imu,1.666961,0.177966,2.399767,,,,
2026-05-01T19:10:23.204Z,9563.800242,imu,1.492814,0.264247,3.053755,,,,
2026-05-01T19:10:23.213Z,9563.810082,imu,1.195658,0.356330,3.466893,,,,
2026-05-01T19:10:23.223Z,9563.820121,imu,0.894170,0.429311,3.915167,,,,
2026-05-01T19:10:23.233Z,9563.829967,imu,0.562177,0.403262,4.205589,,,,
2026-05-01T19:10:23.243Z,9563.840030,imu,0.160614,0.366567,4.284504,,,,
2026-05-01T19:10:23.253Z,9563.849943,imu,-0.256304,0.261957,4.300827,,,,
2026-05-01T19:10:23.263Z,9563.859879,imu,-0.593721,0.061452,4.194864,,,,
2026-05-01T19:10:23.273Z,9563.869829,imu,-0.830451,-0.078557,3.981925,,,,
2026-05-01T19:10:23.283Z,9563.879869,imu,-1.003329,-0.230000,3.684171,,,,
2026-05-01T19:10:23.293Z,9563.889711,imu,-0.978357,-0.412002,3.409091,,,,
2026-05-01T19:10:23.303Z,9563.899675,imu,-0.717338,-0.549056,2.916986,,,,
2026-05-01T19:10:23.313Z,9563.909571,imu,-0.316142,-0.579950,2.160690,,,,
2026-05-01T19:10:23.323Z,9563.919578,imu,0.055751,-0.511417,1.480723,,,,
2026-05-01T19:10:23.333Z,9563.929635,imu,0.354241,-0.439328,1.073030,,,,
2026-05-01T19:10:23.343Z,9563.939464,imu,0.657678,-0.476640,0.836177,,,,
2026-05-01T19:10:23.353Z,9563.949376,imu,0.951452,-0.530019,0.583097,,,,
2026-05-01T19:10:23.363Z,9563.959342,imu,1.152487,-0.429906,0.285849,,,,
2026-05-01T19:10:23.373Z,9563.969177,imu,1.246711,-0.276168,-0.033724,,,,
2026-05-01T19:10:23.383Z,9563.979305,imu,1.223233,-0.152859,-0.254414,,,,
2026-05-01T19:10:23.393Z,9563.989184,imu,1.098350,-0.018220,-0.326409,,,,
2026-05-01T19:10:23.403Z,9563.999523,imu,0.859697,0.143773,-0.350846,,,,
2026-05-01T19:10:23.412Z,9564.009087,imu,0.591202,0.215000,-0.340199,,,,
2026-05-01T19:10:23.422Z,9564.019060,imu,0.365639,0.175607,-0.444911,,,,
2026-05-01T19:10:23.432Z,9564.029027,imu,0.175865,0.125504,-0.848760,,,,
2026-05-01T19:10:23.442Z,9564.038885,imu,0.025736,0.111754,-1.513375,,,,
2026-05-01T19:10:23.452Z,9564.048932,imu,-0.132107,0.028260,-2.075748,,,,
2026-05-01T19:10:23.462Z,9564.058928,imu,-0.244376,-0.050974,-2.478321,,,,
2026-05-01T19:10:23.472Z,9564.068665,imu,-0.230725,-0.123711,-2.615247,,,,
2026-05-01T19:10:23.482Z,9564.078811,imu,-0.131723,-0.170018,-2.457530,,,,
2026-05-01T19:10:23.492Z,9564.088600,imu,-0.042789,-0.214309,-2.050858,,,,
2026-05-01T19:10:23.502Z,9564.098663,imu,0.062006,-0.339313,-1.262836,,,,
2026-05-01T19:10:23.512Z,9564.108568,imu,0.196296,-0.491817,-0.339593,,,,
2026-05-01T19:10:23.522Z,9564.118610,imu,0.368172,-0.513457,0.444084,,,,
2026-05-01T19:10:23.532Z,9564.128525,imu,0.543447,-0.405440,0.870749,,,,
2026-05-01T19:10:23.542Z,9564.138966,imu,0.539737,-0.403867,0.830779,,,,
2026-05-01T19:10:23.552Z,9564.148432,imu,0.324097,-0.338092,0.370936,,,,
2026-05-01T19:10:23.562Z,9564.158401,imu,0.186125,-0.250621,-0.687952,,,,
2026-05-01T19:10:23.572Z,9564.168347,imu,0.136329,-0.287242,-2.074945,,,,
2026-05-01T19:10:23.582Z,9564.178529,imu,0.018099,-0.388909,-3.156906,,,,
2026-05-01T19:10:23.592Z,9564.188308,imu,-0.015303,-0.419137,-3.809398,,,,
2026-05-01T19:10:23.601Z,9564.198103,imu,0.120953,-0.170176,-4.055149,,,,
2026-05-01T19:10:23.611Z,9564.208063,imu,0.410544,0.249413,-3.567691,,,,
2026-05-01T19:10:23.621Z,9564.218084,imu,0.753876,0.598539,-2.476756,,,,
2026-05-01T19:10:23.631Z,9564.228098,imu,0.996641,0.883592,-1.149964,,,,
2026-05-01T19:10:23.641Z,9564.238044,imu,1.146891,1.107130,0.043625,,,,
2026-05-01T19:10:23.651Z,9564.247948,imu,1.254310,1.262997,0.862373,,,,
2026-05-01T19:10:23.661Z,9564.257935,imu,1.243039,1.300406,1.420793,,,,
2026-05-01T19:10:23.671Z,9564.267878,imu,1.080751,1.210752,1.575440,,,,
2026-05-01T19:10:23.681Z,9564.277714,imu,0.795849,1.018482,1.242304,,,,
2026-05-01T19:10:23.691Z,9564.287852,imu,0.414329,0.814603,0.608019,,,,
2026-05-01T19:10:23.701Z,9564.297962,imu,0.069808,0.641290,-0.098765,,,,
2026-05-01T19:10:23.711Z,9564.307648,imu,-0.146938,0.480042,-0.436558,,,,
2026-05-01T19:10:23.721Z,9564.317665,imu,-0.205220,0.350946,-0.331520,,,,
2026-05-01T19:10:23.731Z,9564.327538,imu,-0.195435,0.314575,0.143569,,,,
2026-05-01T19:10:23.741Z,9564.337552,imu,-0.132255,0.373118,0.932551,,,,
2026-05-01T19:10:23.751Z,9564.347336,imu,-0.017868,0.367747,1.897916,,,,
2026-05-01T19:10:23.761Z,9564.357268,imu,0.068837,0.306698,2.679701,,,,
2026-05-01T19:10:23.771Z,9564.367317,imu,0.089016,0.207981,3.239343,,,,
2026-05-01T19:10:23.781Z,9564.377289,imu,-0.027072,0.069948,3.573628,,,,
2026-05-01T19:10:23.791Z,9564.387269,imu,-0.158228,-0.103176,3.753546,,,,
2026-05-01T19:10:23.801Z,9564.397232,imu,-0.216980,-0.378479,3.589286,,,,
2026-05-01T19:10:23.810Z,9564.407144,imu,-0.299104,-0.443223,3.113629,,,,
2026-05-01T19:10:23.820Z,9564.417111,imu,-0.427435,-0.387894,2.559202,,,,
2026-05-01T19:10:23.830Z,9564.426982,imu,-0.552974,-0.451804,2.163299,,,,
2026-05-01T19:10:23.840Z,9564.436986,imu,-0.670659,-0.550241,1.983413,,,,
2026-05-01T19:10:23.851Z,9564.447166,imu,-0.726712,-0.595874,2.019037,,,,
2026-05-01T19:10:23.860Z,9564.456832,imu,-0.697905,-0.570466,2.228753,,,,
2026-05-01T19:10:23.870Z,9564.466709,imu,-0.459951,-0.516598,2.502355,,,,
2026-05-01T19:10:23.880Z,9564.476763,imu,-0.139958,-0.465305,2.672560,,,,
2026-05-01T19:10:23.890Z,9564.486708,imu,0.140479,-0.407432,2.726408,,,,
2026-05-01T19:10:23.900Z,9564.496761,imu,0.451669,-0.362857,2.594873,,,,
2026-05-01T19:10:23.910Z,9564.506473,imu,0.682757,-0.308136,2.288142,,,,
2026-05-01T19:10:23.920Z,9564.516604,imu,0.812473,-0.262226,1.926323,,,,
2026-05-01T19:10:23.930Z,9564.526548,imu,0.806000,-0.212722,1.565196,,,,
2026-05-01T19:10:23.940Z,9564.536450,imu,0.625056,-0.241313,1.306963,,,,
2026-05-01T19:10:23.950Z,9564.546381,imu,0.296290,-0.269169,1.035585,,,,
2026-05-01T19:10:23.960Z,9564.556532,imu,-0.082942,-0.210901,0.696249,,,,
2026-05-01T19:10:23.970Z,9564.566189,imu,-0.405362,-0.225522,0.044337,,,,
2026-05-01T19:10:23.980Z,9564.576228,imu,-0.613179,-0.403366,-0.945873,,,,
2026-05-01T19:10:23.990Z,9564.586245,imu,-0.742362,-0.548828,-1.985604,,,,
2026-05-01T19:10:24.000Z,9564.596162,imu,-0.787274,-0.699135,-2.796431,,,,
2026-05-01T19:10:24.009Z,9564.605971,imu,-0.589385,-0.862644,-3.261869,,,,
2026-05-01T19:10:24.020Z,9564.616194,imu,-0.319612,-0.990724,-3.481995,,,,
2026-05-01T19:10:24.029Z,9564.625833,imu,-0.014594,-1.041446,-3.272471,,,,
2026-05-01T19:10:24.039Z,9564.635914,imu,0.350243,-1.012551,-2.699705,,,,
2026-05-01T19:10:24.050Z,9564.646308,imu,0.637574,-0.960616,-1.844351,,,,
2026-05-01T19:10:24.059Z,9564.655862,imu,0.722097,-0.663404,-0.814515,,,,
2026-05-01T19:10:24.070Z,9564.666172,imu,0.639300,-0.443846,0.054512,,,,
2026-05-01T19:10:24.079Z,9564.676143,imu,0.337026,-0.402245,0.666745,,,,
2026-05-01T19:10:24.089Z,9564.685572,imu,-0.215826,-0.585646,0.951593,,,,
2026-05-01T19:10:24.097Z,9564.693917,gps,,,,-15.745868,-47.850051,1.330281,4.748652
2026-05-01T19:10:24.099Z,9564.695465,imu,-0.795543,-0.756044,0.603187,,,,
2026-05-01T19:10:24.110Z,9564.706188,imu,-1.218382,-0.816621,-0.247357,,,,
2026-05-01T19:10:24.119Z,9564.715494,imu,-1.292859,-0.955432,-1.281663,,,,
2026-05-01T19:10:24.129Z,9564.725705,imu,-1.214263,-1.104892,-2.375558,,,,
2026-05-01T19:10:24.139Z,9564.735593,imu,-1.118641,-1.245743,-3.021072,,,,
2026-05-01T19:10:24.149Z,9564.745802,imu,-0.804735,-1.229314,-3.283421,,,,
2026-05-01T19:10:24.159Z,9564.755734,imu,-0.262998,-0.795142,-3.203749,,,,
2026-05-01T19:10:24.169Z,9564.765797,imu,0.316437,-0.099286,-2.665851,,,,
2026-05-01T19:10:24.179Z,9564.775161,imu,0.874584,0.494581,-1.704188,,,,
2026-05-01T19:10:24.189Z,9564.785434,imu,1.437649,0.964472,-0.820189,,,,
2026-05-01T19:10:24.199Z,9564.795295,imu,1.945049,1.414398,-0.385284,,,,
2026-05-01T19:10:24.209Z,9564.805391,imu,2.210941,1.723799,-0.266749,,,,
2026-05-01T19:10:24.219Z,9564.815178,imu,2.240213,1.721321,-0.340692,,,,
2026-05-01T19:10:24.229Z,9564.825419,imu,2.132785,1.619824,-0.569799,,,,
2026-05-01T19:10:24.238Z,9564.834909,imu,1.928772,1.554350,-0.787541,,,,
2026-05-01T19:10:24.249Z,9564.845228,imu,1.751240,1.467798,-0.794070,,,,
2026-05-01T19:10:24.258Z,9564.855006,imu,1.665317,1.364939,-0.452508,,,,
2026-05-01T19:10:24.268Z,9564.865088,imu,1.675202,1.256543,0.074561,,,,
2026-05-01T19:10:24.278Z,9564.874667,imu,1.748793,1.209776,0.617716,,,,
2026-05-01T19:10:24.289Z,9564.885197,imu,1.786355,1.169764,1.261183,,,,
2026-05-01T19:10:24.298Z,9564.894608,imu,1.774025,1.164744,1.889528,,,,
2026-05-01T19:10:24.308Z,9564.905008,imu,1.707540,1.171182,2.502820,,,,
2026-05-01T19:10:24.318Z,9564.914716,imu,1.577636,1.161552,2.957089,,,,
2026-05-01T19:10:24.328Z,9564.924820,imu,1.383325,1.092303,3.125338,,,,
2026-05-01T19:10:24.338Z,9564.934339,imu,1.059498,1.039807,3.066699,,,,
2026-05-01T19:10:24.348Z,9564.944898,imu,0.602603,0.924951,2.816616,,,,
2026-05-01T19:10:24.358Z,9564.954382,imu,0.079359,0.729965,2.608671,,,,
2026-05-01T19:10:24.368Z,9564.964385,imu,-0.493708,0.473979,2.445287,,,,
2026-05-01T19:10:24.378Z,9564.974408,imu,-1.006598,0.151692,2.298373,,,,
2026-05-01T19:10:24.388Z,9564.984183,imu,-1.417229,-0.127323,2.113418,,,,
2026-05-01T19:10:24.397Z,9564.994123,imu,-1.644642,-0.276166,2.019623,,,,
2026-05-01T19:10:24.410Z,9565.006469,imu,-1.646225,-0.358779,2.074127,,,,
2026-05-01T19:10:24.418Z,9565.014148,imu,-1.409479,-0.493651,2.188455,,,,
2026-05-01T19:10:24.427Z,9565.023746,imu,-0.970350,-0.598769,2.257981,,,,
2026-05-01T19:10:24.437Z,9565.034040,imu,-0.414110,-0.557515,2.248513,,,,
2026-05-01T19:10:24.447Z,9565.043720,imu,0.062786,-0.470120,2.193452,,,,
2026-05-01T19:10:24.457Z,9565.053738,imu,0.422952,-0.427326,2.083483,,,,
2026-05-01T19:10:24.467Z,9565.063948,imu,0.719859,-0.425895,2.013593,,,,
2026-05-01T19:10:24.477Z,9565.073602,imu,0.970981,-0.376335,1.918456,,,,
2026-05-01T19:10:24.487Z,9565.083605,imu,1.170940,-0.208110,1.623885,,,,
2026-05-01T19:10:24.497Z,9565.093691,imu,1.318253,-0.080689,1.171693,,,,
2026-05-01T19:10:24.507Z,9565.103462,imu,1.378572,0.002009,0.550693,,,,
2026-05-01T19:10:24.517Z,9565.113521,imu,1.264957,0.139019,-0.156129,,,,
2026-05-01T19:10:24.527Z,9565.123516,imu,1.008267,0.163647,-0.955416,,,,
2026-05-01T19:10:24.537Z,9565.133374,imu,0.713626,0.012826,-1.754684,,,,
2026-05-01T19:10:24.547Z,9565.143204,imu,0.404221,-0.159968,-2.416861,,,,
2026-05-01T19:10:24.557Z,9565.153217,imu,0.246654,-0.291263,-2.787092,,,,
2026-05-01T19:10:24.567Z,9565.163237,imu,0.212643,-0.429827,-2.766453,,,,
2026-05-01T19:10:24.577Z,9565.173167,imu,0.218028,-0.652052,-2.395204,,,,
2026-05-01T19:10:24.586Z,9565.183096,imu,0.253626,-0.847618,-2.034962,,,,
2026-05-01T19:10:24.596Z,9565.192945,imu,0.450736,-0.948831,-1.713573,,,,
2026-05-01T19:10:24.606Z,9565.202940,imu,0.830031,-0.871708,-1.157886,,,,
2026-05-01T19:10:24.616Z,9565.212885,imu,1.234596,-0.708269,-0.716423,,,,
2026-05-01T19:10:24.626Z,9565.222876,imu,1.599799,-0.442364,-0.492674,,,,
2026-05-01T19:10:24.636Z,9565.232795,imu,1.943661,-0.136032,-0.520541,,,,
2026-05-01T19:10:24.646Z,9565.242706,imu,2.209780,0.199731,-0.747545,,,,
2026-05-01T19:10:24.656Z,9565.252677,imu,2.450336,0.329729,-1.437041,,,,
2026-05-01T19:10:24.666Z,9565.262682,imu,2.298860,0.231335,-2.861118,,,,
2026-05-01T19:10:24.676Z,9565.272687,imu,1.710999,0.045316,-4.835339,,,,
2026-05-01T19:10:24.686Z,9565.282566,imu,0.968082,-0.164396,-7.015905,,,,
2026-05-01T19:10:24.696Z,9565.292540,imu,0.225743,-0.433321,-8.706774,,,,
2026-05-01T19:10:24.706Z,9565.302388,imu,-0.488059,-0.539101,-9.088998,,,,
2026-05-01T19:10:24.716Z,9565.312394,imu,-1.108664,-0.484415,-7.939080,,,,
2026-05-01T19:10:24.726Z,9565.322288,imu,-1.475124,-0.250898,-5.879724,,,,
2026-05-01T19:10:24.736Z,9565.332436,imu,-1.424182,-0.047531,-3.707503,,,,
2026-05-01T19:10:24.746Z,9565.342186,imu,-1.375016,0.182599,-1.630009,,,,
2026-05-01T19:10:24.756Z,9565.352223,imu,-1.410417,0.384621,0.070096,,,,
2026-05-01T19:10:24.766Z,9565.362148,imu,-1.322741,0.371288,1.339989,,,,
2026-05-01T19:10:24.776Z,9565.372481,imu,-1.038331,0.353289,2.109166,,,,
2026-05-01T19:10:24.785Z,9565.382057,imu,-0.494967,0.465439,2.302753,,,,
2026-05-01T19:10:24.795Z,9565.391981,imu,0.194876,0.630560,2.161128,,,,
2026-05-01T19:10:24.805Z,9565.402041,imu,0.788208,0.748465,1.872696,,,,
2026-05-01T19:10:24.815Z,9565.412005,imu,1.153881,0.848280,1.549372,,,,
2026-05-01T19:10:24.825Z,9565.421792,imu,1.306580,0.857255,1.241232,,,,
2026-05-01T19:10:24.835Z,9565.431831,imu,1.226789,0.672259,1.163523,,,,
2026-05-01T19:10:24.845Z,9565.441735,imu,0.956450,0.481737,1.192777,,,,
2026-05-01T19:10:24.855Z,9565.451670,imu,0.670147,0.421647,1.419422,,,,
2026-05-01T19:10:24.865Z,9565.461587,imu,0.426398,0.352557,1.789181,,,,
2026-05-01T19:10:24.875Z,9565.471645,imu,0.146327,0.249740,2.266296,,,,
2026-05-01T19:10:24.885Z,9565.481551,imu,-0.103344,0.178886,2.798316,,,,
2026-05-01T19:10:24.895Z,9565.491517,imu,-0.279299,0.087904,3.156274,,,,
2026-05-01T19:10:24.905Z,9565.501411,imu,-0.299497,0.009020,3.285567,,,,
2026-05-01T19:10:24.915Z,9565.511395,imu,-0.256129,-0.067724,3.088804,,,,
2026-05-01T19:10:24.925Z,9565.521363,imu,-0.274247,-0.083247,2.642391,,,,
2026-05-01T19:10:24.935Z,9565.531313,imu,-0.351285,-0.103040,2.213773,,,,
2026-05-01T19:10:24.945Z,9565.541235,imu,-0.453562,-0.186670,2.029708,,,,
2026-05-01T19:10:24.955Z,9565.551190,imu,-0.493710,-0.176248,1.973044,,,,
2026-05-01T19:10:24.964Z,9565.561084,imu,-0.501926,-0.161117,2.079321,,,,
2026-05-01T19:10:24.974Z,9565.571104,imu,-0.542169,-0.108576,2.177605,,,,
2026-05-01T19:10:24.984Z,9565.581023,imu,-0.409905,-0.009886,2.072469,,,,
2026-05-01T19:10:24.994Z,9565.590967,imu,0.019083,0.064644,1.863293,,,,
2026-05-01T19:10:25.004Z,9565.600889,imu,0.642017,0.146515,1.707609,,,,
2026-05-01T19:10:25.014Z,9565.610926,imu,1.166896,0.234847,1.414575,,,,
2026-05-01T19:10:25.024Z,9565.620887,imu,1.416219,0.478074,1.214240,,,,
2026-05-01T19:10:25.034Z,9565.630829,imu,1.264142,0.666922,1.366167,,,,
2026-05-01T19:10:25.044Z,9565.640906,imu,0.733044,0.681586,1.621948,,,,
2026-05-01T19:10:25.054Z,9565.650853,imu,0.036255,0.469255,1.834562,,,,
2026-05-01T19:10:25.064Z,9565.660726,imu,-0.703668,0.162364,1.919545,,,,
2026-05-01T19:10:25.074Z,9565.670923,imu,-1.408336,0.031114,1.717056,,,,
2026-05-01T19:10:25.084Z,9565.680531,imu,-1.768504,-0.265248,1.432936,,,,
2026-05-01T19:10:25.094Z,9565.690394,imu,-1.790452,-0.615977,1.035983,,,,
2026-05-01T19:10:25.096Z,9565.692481,gps,,,,-15.745882,-47.850061,1.333628,4.748652
2026-05-01T19:10:25.104Z,9565.700201,imu,-1.762536,-0.906899,0.741755,,,,
2026-05-01T19:10:25.114Z,9565.710224,imu,-1.730499,-0.917456,0.517170,,,,
2026-05-01T19:10:25.124Z,9565.720302,imu,-1.400469,-0.725136,0.288481,,,,
2026-05-01T19:10:25.134Z,9565.730373,imu,-1.511781,-0.640626,-0.762751,,,,
2026-05-01T19:10:25.144Z,9565.740174,imu,-5.305850,-1.947080,-8.581715,,,,
2026-05-01T19:10:25.154Z,9565.750178,imu,-4.046365,-1.367223,-1.056996,,,,
2026-05-01T19:10:25.163Z,9565.760030,imu,-6.200037,-1.909951,-6.358128,,,,
2026-05-01T19:10:25.173Z,9565.770107,imu,-2.251927,-0.589716,-2.701667,,,,
2026-05-01T19:10:25.183Z,9565.780038,imu,-0.326063,2.001787,-0.099339,,,,
2026-05-01T19:10:25.194Z,9565.790249,imu,0.590352,3.495073,-1.185177,,,,
2026-05-01T19:10:25.203Z,9565.799794,imu,2.188689,3.399405,-2.347408,,,,
2026-05-01T19:10:25.213Z,9565.809781,imu,3.103241,2.690958,-2.439755,,,,
2026-05-01T19:10:25.223Z,9565.819878,imu,2.682428,2.307619,-1.818572,,,,
2026-05-01T19:10:25.233Z,9565.829748,imu,1.865823,1.564894,-1.501824,,,,
2026-05-01T19:10:25.243Z,9565.839654,imu,0.906292,0.677022,-1.250293,,,,
2026-05-01T19:10:25.253Z,9565.849793,imu,-0.154229,-0.200737,-1.066457,,,,
2026-05-01T19:10:25.263Z,9565.859535,imu,-0.991917,-0.780381,-1.062011,,,,
2026-05-01T19:10:25.273Z,9565.869493,imu,-1.404939,-0.949749,-1.310324,,,,
2026-05-01T19:10:25.283Z,9565.879731,imu,-1.401468,-0.847123,-1.423853,,,,
2026-05-01T19:10:25.293Z,9565.889262,imu,-0.751556,-0.566746,-1.420973,,,,
2026-05-01T19:10:25.303Z,9565.899345,imu,0.128921,-0.441934,-1.657846,,,,
2026-05-01T19:10:25.313Z,9565.909471,imu,0.865323,-0.269506,-1.821572,,,,
2026-05-01T19:10:25.323Z,9565.919229,imu,1.460826,0.204911,-1.499023,,,,
2026-05-01T19:10:25.333Z,9565.929216,imu,1.568908,0.533844,-1.160965,,,,
2026-05-01T19:10:25.343Z,9565.939333,imu,2.523404,-0.201515,-0.234508,,,,
2026-05-01T19:10:25.353Z,9565.949151,imu,2.200879,-0.004445,-0.006552,,,,
2026-05-01T19:10:25.362Z,9565.959039,imu,0.971431,0.547300,0.181997,,,,
2026-05-01T19:10:25.373Z,9565.969453,imu,0.852522,1.418777,-0.201658,,,,
2026-05-01T19:10:25.382Z,9565.978963,imu,0.184393,1.054083,-0.578569,,,,
2026-05-01T19:10:25.393Z,9565.989374,imu,-0.674148,0.749240,-0.210872,,,,
2026-05-01T19:10:25.402Z,9565.998999,imu,-1.381311,0.218426,0.784222,,,,
2026-05-01T19:10:25.412Z,9566.008771,imu,-1.310464,0.160725,1.713375,,,,
2026-05-01T19:10:25.422Z,9566.018771,imu,-0.301292,0.645835,2.141203,,,,
2026-05-01T19:10:25.432Z,9566.028980,imu,0.258409,0.528390,2.729308,,,,
2026-05-01T19:10:25.443Z,9566.039191,imu,0.670658,0.310371,3.007765,,,,
2026-05-01T19:10:25.452Z,9566.048614,imu,0.815702,0.141684,2.940020,,,,
2026-05-01T19:10:25.462Z,9566.058634,imu,0.517161,0.051156,2.778014,,,,
2026-05-01T19:10:25.472Z,9566.068469,imu,0.163446,-0.247521,2.883278,,,,
2026-05-01T19:10:25.482Z,9566.078461,imu,-0.008494,-0.408840,3.213385,,,,
2026-05-01T19:10:25.492Z,9566.088596,imu,0.182563,-0.456812,3.167863,,,,
2026-05-01T19:10:25.502Z,9566.098261,imu,0.549346,-0.216336,2.922708,,,,
2026-05-01T19:10:25.512Z,9566.108265,imu,0.659052,-0.022183,2.692790,,,,
2026-05-01T19:10:25.522Z,9566.118372,imu,0.628668,0.047889,2.446139,,,,
2026-05-01T19:10:25.532Z,9566.128172,imu,0.567387,0.236751,2.221508,,,,
2026-05-01T19:10:25.542Z,9566.138219,imu,0.269800,0.075819,2.177500,,,,
2026-05-01T19:10:25.552Z,9566.148242,imu,-0.062570,-0.205650,2.116770,,,,
2026-05-01T19:10:25.561Z,9566.157989,imu,-0.404637,-0.246728,2.033447,,,,
2026-05-01T19:10:25.571Z,9566.167961,imu,-0.659486,-0.318851,2.030704,,,,
2026-05-01T19:10:25.581Z,9566.178060,imu,-0.845066,-0.400058,2.100068,,,,
2026-05-01T19:10:25.591Z,9566.187935,imu,-0.883700,-0.416759,1.985052,,,,
2026-05-01T19:10:25.601Z,9566.197825,imu,-0.759999,-0.350428,2.046271,,,,
2026-05-01T19:10:25.611Z,9566.207870,imu,-0.367636,-0.295183,2.015884,,,,
2026-05-01T19:10:25.621Z,9566.217719,imu,0.148422,-0.330564,1.559590,,,,
2026-05-01T19:10:25.631Z,9566.227665,imu,0.359005,-0.433635,0.892899,,,,
2026-05-01T19:10:25.641Z,9566.237758,imu,0.432853,-0.714078,0.153456,,,,
2026-05-01T19:10:25.651Z,9566.247531,imu,0.645013,-1.075517,-0.349601,,,,
2026-05-01T19:10:25.661Z,9566.257407,imu,0.466306,-1.181586,-0.837930,,,,
2026-05-01T19:10:25.671Z,9566.267613,imu,0.021150,-0.947407,-1.572339,,,,
2026-05-01T19:10:25.681Z,9566.277353,imu,-0.433491,-0.637520,-2.180599,,,,
2026-05-01T19:10:25.691Z,9566.287383,imu,-0.660961,-0.488998,-2.632436,,,,
2026-05-01T19:10:25.701Z,9566.297619,imu,-0.654293,-0.497890,-2.979623,,,,
2026-05-01T19:10:25.711Z,9566.307174,imu,-0.564283,-0.666467,-3.002477,,,,
2026-05-01T19:10:25.721Z,9566.317201,imu,-0.330673,-0.918059,-2.577252,,,,
2026-05-01T19:10:25.731Z,9566.327364,imu,-0.162750,-1.208196,-1.947497,,,,
2026-05-01T19:10:25.740Z,9566.337085,imu,0.225534,-1.085914,-1.265638,,,,
2026-05-01T19:10:25.750Z,9566.347053,imu,0.358050,-0.566024,-0.778483,,,,
2026-05-01T19:10:25.761Z,9566.357167,imu,0.251298,-0.123842,-0.382950,,,,
2026-05-01T19:10:25.770Z,9566.366899,imu,-0.112039,-0.004031,-0.107184,,,,
2026-05-01T19:10:25.780Z,9566.376623,imu,-0.571194,-0.178179,-0.043400,,,,
2026-05-01T19:10:25.790Z,9566.386789,imu,-0.852546,-0.435668,-0.478081,,,,
2026-05-01T19:10:25.800Z,9566.396748,imu,-0.883662,-0.676010,-1.322024,,,,
2026-05-01T19:10:25.810Z,9566.406492,imu,-0.623266,-0.720766,-2.272908,,,,
2026-05-01T19:10:25.820Z,9566.416754,imu,-0.236313,-0.493704,-2.986681,,,,
2026-05-01T19:10:25.830Z,9566.426507,imu,-0.038637,-0.171527,-3.412992,,,,
2026-05-01T19:10:25.840Z,9566.436503,imu,0.062859,0.224695,-3.444419,,,,
2026-05-01T19:10:25.850Z,9566.446575,imu,0.086825,0.504624,-3.045690,,,,
2026-05-01T19:10:25.860Z,9566.456458,imu,0.000938,0.587499,-2.349682,,,,
2026-05-01T19:10:25.870Z,9566.466275,imu,-0.058729,0.545700,-1.592960,,,,
2026-05-01T19:10:25.880Z,9566.476497,imu,-0.046132,0.498782,-0.907456,,,,
2026-05-01T19:10:25.890Z,9566.486223,imu,0.084390,0.521444,-0.335976,,,,
2026-05-01T19:10:25.900Z,9566.496234,imu,0.254495,0.556159,0.029500,,,,
2026-05-01T19:10:25.910Z,9566.506414,imu,0.352242,0.608031,0.138214,,,,
2026-05-01T19:10:25.919Z,9566.516111,imu,0.420701,0.648566,0.063025,,,,
2026-05-01T19:10:25.929Z,9566.525958,imu,0.381810,0.668617,-0.114538,,,,
2026-05-01T19:10:25.940Z,9566.536203,imu,0.323527,0.640118,-0.282934,,,,
2026-05-01T19:10:25.949Z,9566.545970,imu,0.346576,0.638241,-0.366247,,,,
2026-05-01T19:10:25.959Z,9566.555932,imu,0.443251,0.650511,-0.268789,,,,
2026-05-01T19:10:25.969Z,9566.565957,imu,0.688870,0.649340,0.025804,,,,
2026-05-01T19:10:25.979Z,9566.575821,imu,0.940678,0.519746,0.326878,,,,
2026-05-01T19:10:25.989Z,9566.585658,imu,1.052868,0.365701,0.791340,,,,
2026-05-01T19:10:25.999Z,9566.595928,imu,1.115993,0.219164,1.337462,,,,
2026-05-01T19:10:26.010Z,9566.606195,imu,1.187462,0.094709,1.882348,,,,
2026-05-01T19:10:26.019Z,9566.615685,imu,1.201040,0.002686,2.318283,,,,
2026-05-01T19:10:26.029Z,9566.625924,imu,1.127978,-0.073180,2.745293,,,,
2026-05-01T19:10:26.039Z,9566.635493,imu,1.073999,-0.046413,3.124903,,,,
2026-05-01T19:10:26.049Z,9566.645966,imu,0.987758,-0.047535,3.277785,,,,
2026-05-01T19:10:26.060Z,9566.656205,imu,0.868234,-0.017172,3.400865,,,,
2026-05-01T19:10:26.069Z,9566.665928,imu,0.794990,0.063888,3.361809,,,,
2026-05-01T19:10:26.079Z,9566.675282,imu,0.897698,0.071612,3.213766,,,,
2026-05-01T19:10:26.089Z,9566.686125,imu,0.862385,0.024730,3.132526,,,,
2026-05-01T19:10:26.092Z,9566.689106,gps,,,,-15.745899,-47.850065,1.369688,4.748652
2026-05-01T19:10:26.099Z,9566.695317,imu,0.724298,-0.048997,3.128451,,,,
2026-05-01T19:10:26.109Z,9566.705564,imu,0.580749,-0.061728,3.119225,,,,
2026-05-01T19:10:26.119Z,9566.715280,imu,0.585358,-0.118705,3.066139,,,,
2026-05-01T19:10:26.129Z,9566.725409,imu,0.599760,-0.125521,2.912792,,,,
2026-05-01T19:10:26.138Z,9566.734994,imu,0.461442,-0.024353,2.707998,,,,
2026-05-01T19:10:26.149Z,9566.745627,imu,0.244722,0.018315,2.458490,,,,
2026-05-01T19:10:26.158Z,9566.755001,imu,0.019565,-0.125187,2.210838,,,,
2026-05-01T19:10:26.169Z,9566.765213,imu,-0.075604,-0.215331,1.864110,,,,
2026-05-01T19:10:26.178Z,9566.774897,imu,-0.066209,-0.239740,1.388335,,,,
2026-05-01T19:10:26.189Z,9566.785941,imu,-0.017346,-0.197224,0.836766,,,,
2026-05-01T19:10:26.198Z,9566.794654,imu,0.016607,-0.035218,0.142893,,,,
2026-05-01T19:10:26.208Z,9566.804847,imu,-0.067700,0.017141,-0.724501,,,,
2026-05-01T19:10:26.218Z,9566.814575,imu,-0.282961,-0.111131,-1.369108,,,,
2026-05-01T19:10:26.228Z,9566.824845,imu,-0.505033,-0.274332,-1.820446,,,,
2026-05-01T19:10:26.238Z,9566.834491,imu,-0.516585,-0.487180,-2.505654,,,,
2026-05-01T19:10:26.248Z,9566.844734,imu,-0.513108,-0.802207,-3.245602,,,,
2026-05-01T19:10:26.258Z,9566.854372,imu,-0.409058,-1.260108,-2.052095,,,,
2026-05-01T19:10:26.268Z,9566.864712,imu,-0.177596,-1.572309,-1.405595,,,,
2026-05-01T19:10:26.278Z,9566.874330,imu,0.434191,-1.800642,-1.209127,,,,
2026-05-01T19:10:26.288Z,9566.884243,imu,0.760591,-1.496483,-1.264811,,,,
2026-05-01T19:10:26.297Z,9566.894139,imu,0.633278,-0.850616,-1.588293,,,,
2026-05-01T19:10:26.308Z,9566.904174,imu,0.174327,-0.408766,-2.075205,,,,
2026-05-01T19:10:26.317Z,9566.914052,imu,-0.124731,-0.093816,-2.513747,,,,
2026-05-01T19:10:26.327Z,9566.924001,imu,-0.088119,0.190687,-2.816006,,,,
2026-05-01T19:10:26.337Z,9566.933966,imu,0.293861,0.370043,-3.211158,,,,
2026-05-01T19:10:26.347Z,9566.943903,imu,0.639345,0.245562,-3.577050,,,,
